source_row,slice,region_id,class,cnn2,cnn3,dense_fc,random_forest,mean_confidence,min_confidence,model_disagreement,n_correct,n_models,hardness_rank_key
13604,recon_00006.tiff,266602,2,0.4471587538719177,0.13669313490390778,0.20466922223567963,0.0225,0.7972447222471237,0.5528412461280823,0.4246587538719177,0,4,40.871817507743835
6986,recon_00006.tiff,115630,2,0.35383737087249756,0.32907992601394653,0.4559900462627411,0.04209999999999999,0.7047481567621231,0.5440099239349365,0.4138900462627411,0,4,40.86988012232781
6784,recon_00006.tiff,112504,1,0.5620291233062744,0.9061942100524902,0.7394457459449768,0.8628904761904764,0.7676398888735545,0.5620291233062744,0.3441650867462158,0,4,40.78213596343994
13439,recon_00006.tiff,264370,1,0.8838959336280823,0.8655939698219299,0.5769209861755371,0.6652261904761906,0.747909270025435,0.5769209861755371,0.30697494745254517,0,4,40.73005396127701
6508,recon_00006.tiff,108217,2,0.32429805397987366,0.21306957304477692,0.3781130015850067,0.43873809523809526,0.6614453227633521,0.5612619047619047,0.22566852219331834,0,4,40.66440661743141
13425,recon_00006.tiff,264079,1,0.8458383679389954,0.9689467549324036,0.8315821290016174,0.6547333333333333,0.8252751463015874,0.6547333333333333,0.3142134215990703,0,4,40.65948008826574
13408,recon_00006.tiff,263663,1,0.7636679410934448,0.840376615524292,0.620294451713562,0.7024,0.7316847520828247,0.620294451713562,0.22008216381072998,0,4,40.59978771209717
13282,recon_00006.tiff,261278,1,0.7874624133110046,0.9503278732299805,0.8959254026412964,0.678254761904762,0.8279926127717608,0.678254761904762,0.2720731113252185,0,4,40.59381834942046
13409,recon_00006.tiff,263664,1,0.6926114559173584,0.7841575145721436,0.9643486142158508,0.6961000000000002,0.7843043961763383,0.6926114559173584,0.27173715829849243,0,4,40.579125702381134
13417,recon_00006.tiff,263918,1,0.6946955919265747,0.7806231379508972,0.9083663821220398,0.7565142857142857,0.7850498494284494,0.6946955919265747,0.2136707901954651,0,4,40.51897519826889
13402,recon_00006.tiff,263579,1,0.7481008768081665,0.9060907363891602,0.8123745322227478,0.8844666666666666,0.8377582030216852,0.7481008768081665,0.15798985958099365,0,4,40.40988898277283
5829,recon_00006.tiff,91756,2,0.148090198636055,0.007492790464311838,0.174768328666687,0.09831904761904763,0.8928324148234867,0.825231671333313,0.16727553820237517,0,4,40.34204386686906
13540,recon_00006.tiff,265762,2,0.3017883002758026,0.07024717330932617,0.472667932510376,0.7049571428571428,0.7150634267398289,0.527332067489624,0.6347099695478167,1,4,31.107377902058193
6900,recon_00006.tiff,113917,2,0.2783758044242859,0.26414409279823303,0.6393212080001831,0.4714333333333332,0.6563420018116634,0.5285666666666669,0.3751771152019501,1,4,30.846610448535284
6544,recon_00006.tiff,108577,1,0.6434289216995239,0.7061811089515686,0.44484639167785645,0.5468619047619048,0.6129063859337852,0.5468619047619048,0.26133471727371216,1,4,30.714472812511808
6564,recon_00006.tiff,108922,2,0.4324508309364319,0.4137081801891327,0.5327454805374146,0.4750087301587299,0.5528944273626994,0.5249912698412701,0.11903730034828186,1,4,30.594046030507013
7446,recon_00006.tiff,128879,2,0.1597175896167755,0.4734371304512024,0.9905099272727966,0.8170999999999999,0.7936138092517853,0.5265628695487976,0.8307923376560211,2,4,21.304229468107224
8304,recon_00006.tiff,150254,2,0.36643558740615845,0.29801487922668457,0.524224042892456,0.8794714285714287,0.6848112512077604,0.524224042892456,0.5814565493447441,2,4,21.057232506452287
6441,recon_00006.tiff,106713,1,0.5521597862243652,0.6890538930892944,0.08330553770065308,0.10133333333333333,0.7641437020699183,0.5521597862243652,0.6057483553886414,2,4,21.053588569164276
8862,recon_00006.tiff,164863,2,0.493642657995224,0.6149080991744995,0.5015800595283508,0.22747142857142863,0.5988435105834689,0.5015800595283508,0.38743667060307085,2,4,20.88585661107472
6414,recon_00006.tiff,106017,1,0.573981523513794,0.6154914498329163,0.3303159475326538,0.2754761904761905,0.6459202088344664,0.573981523513794,0.3400152593567258,2,4,20.76603373584293
6663,recon_00006.tiff,110550,1,0.447919100522995,0.6029198169708252,0.5259155035018921,0.35648571428571435,0.5811076189654214,0.5259155035018921,0.24643410268511085,2,4,20.72051859918322
8047,recon_00006.tiff,144557,2,0.10570909827947617,0.6836567521095276,0.5432931184768677,0.8977571428571431,0.7547494843789511,0.5432931184768677,0.792048044577667,3,4,11.2487549261008
6677,recon_00006.tiff,110694,2,0.15967462956905365,0.6467532515525818,0.9939153790473938,0.8588619047619046,0.8349639727229163,0.6467532515525818,0.8342407494783401,3,4,11.187487497925758
10196,recon_00006.tiff,196623,2,0.4146234095096588,0.9943101406097412,0.5453807711601257,0.8945333333333334,0.754900216348966,0.5453807711601257,0.5796867311000824,3,4,11.034305959939957
6237,recon_00006.tiff,101804,1,0.5466011762619019,0.16117770969867706,0.09393365681171417,0.0,0.8228724598884583,0.5466011762619019,0.5466011762619019,3,4,11.0
7150,recon_00006.tiff,119228,1,0.5317226648330688,0.29745540022850037,0.4286671578884125,0.0,0.7014000117778778,0.5317226648330688,0.5317226648330688,3,4,11.0
7135,recon_00006.tiff,119001,1,0.5225359201431274,0.0600275881588459,0.032323967665433884,0.0,0.8575460910797119,0.5225359201431274,0.5225359201431274,3,4,11.0
7144,recon_00006.tiff,119127,1,0.5143989324569702,0.253532350063324,0.40341463685035706,0.0,0.7143629938364029,0.5143989324569702,0.5143989324569702,3,4,11.0
7136,recon_00006.tiff,119002,1,0.5034908652305603,0.22794675827026367,0.4169175922870636,0.0,0.7146566361188889,0.5034908652305603,0.5034908652305603,3,4,11.0
6104,recon_00006.tiff,97777,1,0.038538847118616104,0.516510009765625,0.010499787516891956,0.001,0.8666178402900696,0.516510009765625,0.515510009765625,3,4,10.999
6964,recon_00006.tiff,115174,1,0.5052915811538696,0.35056552290916443,0.1507200449705124,0.0016666666666666666,0.7505848254760106,0.5052915811538696,0.5036249144872029,3,4,10.998333333333333
7224,recon_00006.tiff,120884,1,0.5038100481033325,0.04780321940779686,0.04477427154779434,0.0026666666666666666,0.8521414661010106,0.5038100481033325,0.5011433814366658,3,4,10.997333333333334
7082,recon_00006.tiff,117750,2,0.5155081748962402,0.9751777648925781,0.4632844030857086,0.9453333333333334,0.7431837249596913,0.5155081748962402,0.5118933618068695,3,4,10.99638518691063
6382,recon_00006.tiff,105284,1,0.6011045575141907,0.16648706793785095,0.08224674314260483,0.0036666666666666666,0.8371760180791219,0.6011045575141907,0.597437890847524,3,4,10.996333333333332
6719,recon_00006.tiff,111381,1,0.5220558047294617,0.2552960216999054,0.1776427924633026,0.0055,0.7709042476415634,0.5220558047294617,0.5165558047294617,3,4,10.9945
13762,recon_00006.tiff,269193,1,0.519415557384491,0.23908750712871552,0.25623390078544617,0.0188,0.7513235261917114,0.519415557384491,0.5006155573844909,3,4,10.9812
6899,recon_00006.tiff,113916,1,0.5032997131347656,0.3283470571041107,0.10340584814548492,0.0335,0.7595116982460022,0.5032997131347656,0.46979971313476565,3,4,10.9665
14335,recon_00006.tiff,289963,1,0.25714775919914246,0.09068406373262405,0.5274895429611206,0.046799999999999994,0.783214424419403,0.5274895429611206,0.4806895429611206,3,4,10.9532
5463,recon_00006.tiff,85165,2,0.2838244140148163,0.9531537294387817,0.8163641095161438,0.7620857142857141,0.8119447773558752,0.7161755561828613,0.6693293154239655,3,4,10.953153759241104
14334,recon_00006.tiff,289952,1,0.16338735818862915,0.20756500959396362,0.5153892636299133,0.05886666666666666,0.7713925572951634,0.5153892636299133,0.45652259696324665,3,4,10.941133333333333
0,recon_00006.tiff,0,1,0.061157841235399246,0.285317987203598,0.5384997129440308,0.14879285714285714,0.7608077540465763,0.5384997129440308,0.4773418717086315,3,4,10.9388421587646
7057,recon_00006.tiff,117179,2,0.4815884530544281,0.6445916891098022,0.5218611359596252,0.9090333333333332,0.6484744188865026,0.5184115171432495,0.42744488027890515,3,4,10.909033363135656
14325,recon_00006.tiff,288151,1,0.2532283365726471,0.10072354972362518,0.5013819932937622,0.24107619047619044,0.7265884828556152,0.5013819932937622,0.400658443570137,3,4,10.899276450276375
4005,recon_00006.tiff,59422,1,0.526600182056427,0.3152283728122711,0.17818273603916168,0.11293095238095237,0.7300645413818814,0.526600182056427,0.41366922967547465,3,4,10.887069047619047
14322,recon_00006.tiff,284250,1,0.27983278036117554,0.13920177519321442,0.5692664384841919,0.12790952380952383,0.7555805935053599,0.5692664384841919,0.4413569146746681,3,4,10.872090476190476
2,recon_00006.tiff,57,1,0.3344198763370514,0.13797830045223236,0.5441760420799255,0.19689999999999994,0.7187194700479508,0.5441760420799255,0.4061977416276932,3,4,10.862021699547768
6844,recon_00006.tiff,113232,1,0.660698413848877,0.36092332005500793,0.16041778028011322,0.1658714285714286,0.7433714749608721,0.6390767097473145,0.5002806335687637,3,4,10.86120392382145
6405,recon_00006.tiff,105879,1,0.5616707801818848,0.35757458209991455,0.14754948019981384,0.1779238095238095,0.7196557196390061,0.5616707801818848,0.4141212999820709,3,4,10.852450519800186
14328,recon_00006.tiff,289851,1,0.4328925907611847,0.1536075621843338,0.5375885367393494,0.17770476190476192,0.6933459166481382,0.5375885367393494,0.38398097455501556,3,4,10.846392437815666
7162,recon_00006.tiff,119453,1,0.5038958787918091,0.39476868510246277,0.4806603491306305,0.1551333333333333,0.6183333778063456,0.5038958787918091,0.3487625454584758,3,4,10.844866666666666
6822,recon_00006.tiff,112967,1,0.534561038017273,0.15563541650772095,0.25233194231987,0.33545,0.69778591234684,0.534561038017273,0.378925621509552,3,4,10.844364583492279
6898,recon_00006.tiff,113914,1,0.5118279457092285,0.20757751166820526,0.21658439934253693,0.17392619047619046,0.728434961055574,0.5118279457092285,0.33790175523303806,3,4,10.826073809523809
6750,recon_00006.tiff,111958,1,0.5898570418357849,0.17924372851848602,0.18989388644695282,0.2410880952380953,0.7449078254574821,0.5898570418357849,0.4106133133172989,3,4,10.820756271481514
8,recon_00006.tiff,2649,1,0.34133002161979675,0.25575900077819824,0.5611985921859741,0.3370333333333333,0.6567690516630809,0.5611985921859741,0.3054395914077759,3,4,10.744240999221802
6221,recon_00006.tiff,101363,2,0.5837297439575195,0.733378529548645,0.45295020937919617,0.6229190476190477,0.6217692704859235,0.5470497608184814,0.28042832016944885,3,4,10.733378559350967
6563,recon_00006.tiff,108913,2,0.49972060322761536,0.693809986114502,0.5978538990020752,0.6947952380952379,0.6216846374466305,0.500279426574707,0.19507463486762255,3,4,10.694795208292916
6516,recon_00006.tiff,108316,1,0.48195597529411316,0.4370937645435333,0.4730791449546814,0.5843952380952382,0.5480665883257276,0.5180439949035645,0.14730147355170486,3,4,10.62925747864814
14320,recon_00006.tiff,282549,1,0.09891528636217117,0.11563282459974289,0.4979373812675476,0.006999999999999999,0.8201286269426346,0.5020626187324524,0.4909373812675476,4,4,0.9888747625350952
7108,recon_00006.tiff,118439,1,0.49133166670799255,0.10193215310573578,0.06547960638999939,0.0,0.8353141248226166,0.5086683034896851,0.49133166670799255,4,4,0.9826633632183075
71,recon_00006.tiff,11169,1,0.22532624006271362,0.1292102336883545,0.4843107759952545,0.005333333333333333,0.7889548616806666,0.5156892538070679,0.47897744266192116,4,4,0.9632881888548532
13830,recon_00006.tiff,270026,1,0.22070980072021484,0.20933698117733002,0.49191969633102417,0.020666666666666663,0.7643417100509008,0.5080803036689758,0.4712530296643575,4,4,0.9631727259953817
7143,recon_00006.tiff,119126,1,0.4734113812446594,0.08457513153553009,0.41010403633117676,0.0,0.7579773664474487,0.5265886187553406,0.4734113812446594,4,4,0.9468227624893188
7434,recon_00006.tiff,128630,1,0.11236834526062012,0.10299194604158401,0.47615814208984375,0.007166666666666667,0.8253287268479665,0.5238418579101562,0.4689914754231771,4,4,0.9451496175130208
7449,recon_00006.tiff,129007,1,0.24036797881126404,0.05054328218102455,0.4748729467391968,0.004666666666666666,0.8073872674306234,0.5251270532608032,0.4702062800725301,4,4,0.945079226811727
13791,recon_00006.tiff,269488,1,0.26564091444015503,0.21560482680797577,0.48658156394958496,0.036033333333333334,0.7490348366419475,0.513418436050415,0.4505482306162516,4,4,0.9371297945658366
14329,recon_00006.tiff,289869,1,0.24642153084278107,0.11990181356668472,0.4905742108821869,0.0446,0.7746256018638611,0.5094257593154907,0.4459742108821869,4,4,0.9365484515666962
13790,recon_00006.tiff,269487,1,0.20146092772483826,0.15916623175144196,0.4838809669017792,0.0325,0.7807479572296143,0.5161190032958984,0.4513809669017792,4,4,0.9352619636058808
13746,recon_00006.tiff,268954,1,0.30044445395469666,0.07043924927711487,0.4683801829814911,0.0039,0.7892090209960938,0.5316197872161865,0.4644801829814911,4,4,0.9328603957653046
13873,recon_00006.tiff,270797,1,0.2723116874694824,0.23765383660793304,0.4681195318698883,0.0036666666666666666,0.7545620730717977,0.5318804979324341,0.46445286520322165,4,4,0.9325723672707875
13713,recon_00006.tiff,268338,1,0.19189193844795227,0.14002662897109985,0.47285914421081543,0.013499999999999998,0.7954305795431137,0.5271408557891846,0.4593591442108154,4,4,0.9322182884216308
7467,recon_00006.tiff,129589,2,0.5306625366210938,0.8048825860023499,0.68666672706604,0.9933666666666666,0.7538946290890376,0.5306625366210938,0.46270413004557287,4,4,0.9320415934244791
7516,recon_00006.tiff,130990,1,0.28633737564086914,0.084436796605587,0.467498779296875,0.004833333333333333,0.7892234343687693,0.532501220703125,0.46266544596354164,4,4,0.9301642252604166
13874,recon_00006.tiff,270798,1,0.3453513979911804,0.056092191487550735,0.47544124722480774,0.0229,0.7750537954807282,0.5245587825775146,0.45254124722480776,4,4,0.9279824646472932
6721,recon_00006.tiff,111402,1,0.4620369076728821,0.21725180745124817,0.01200756523758173,0.0,0.8271759301424026,0.5379630923271179,0.4620369076728821,4,4,0.9240738153457642
7571,recon_00006.tiff,132671,1,0.29223063588142395,0.12717565894126892,0.4628322422504425,0.003,0.7786903731822967,0.5371677875518799,0.4598322422504425,4,4,0.9226644546985626
6783,recon_00006.tiff,112502,2,0.5603872537612915,0.930759608745575,0.5148637890815735,0.9458333333333333,0.7379609962304433,0.5148637890815735,0.4309695442517598,4,4,0.9161057551701863
13878,recon_00006.tiff,271020,1,0.30117854475975037,0.1110612004995346,0.45918089151382446,0.008333333333333331,0.7800614962975184,0.5408191084861755,0.45084755818049116,4,4,0.9100284496943156
6873,recon_00006.tiff,113602,2,0.7450003027915955,0.9967483282089233,0.5455418825149536,0.9329571428571428,0.8050619140931539,0.5455418825149536,0.4512064456939697,4,4,0.9056645631790161
7219,recon_00006.tiff,120754,1,0.4507652223110199,0.22778525948524475,0.18382877111434937,0.001,0.7841551867723465,0.5492347478866577,0.4497652223110199,4,4,0.9005304744243622
7484,recon_00006.tiff,130164,1,0.27087175846099854,0.06223512440919876,0.45114511251449585,0.005933333333333334,0.8024536696831386,0.5488548874855042,0.4452117791811625,4,4,0.8963568916956584
7396,recon_00006.tiff,127250,1,0.3391944169998169,0.1288391500711441,0.44911494851112366,0.006166666666666666,0.7691712156136831,0.5508850812911987,0.442948281844457,4,4,0.8920632005532583
7422,recon_00006.tiff,128055,1,0.08739599585533142,0.08528047055006027,0.4736364781856537,0.05663333333333334,0.824263413755099,0.5263634920120239,0.4170031448523204,4,4,0.8906396528402964
7204,recon_00006.tiff,120377,1,0.4452982544898987,0.01862276718020439,0.03213604912161827,0.0,0.8759857416152954,0.5547017455101013,0.4452982544898987,4,4,0.8905965089797974
7493,recon_00006.tiff,130507,1,0.36547812819480896,0.2099648118019104,0.4434269666671753,0.006,0.7437825158834457,0.5565730333328247,0.4374269666671753,4,4,0.8808539333343506
1,recon_00006.tiff,38,1,0.42734384536743164,0.4965495467185974,0.4909890294075012,0.11309999999999999,0.6180043946266174,0.5034504532814026,0.38344954671859743,4,4,0.8799990934371948
13505,recon_00006.tiff,265424,1,0.43765923380851746,0.38120684027671814,0.3601935803890228,0.0,0.7052350640296936,0.5623407363891602,0.43765923380851746,4,4,0.8753184974193573
13844,recon_00006.tiff,270254,1,0.19881665706634521,0.18496231734752655,0.43815773725509644,0.0046,0.7933658183574677,0.5618422627449036,0.43355773725509644,4,4,0.8717154745101929
13898,recon_00006.tiff,271590,1,0.33121827244758606,0.1099451556801796,0.4364060163497925,0.0070999999999999995,0.7788326407432556,0.5635939836502075,0.4293060163497925,4,4,0.865712032699585
7225,recon_00006.tiff,120885,1,0.4325193762779236,0.27347320318222046,0.1293121874332428,0.0,0.7911738157272339,0.5674806237220764,0.4325193762779236,4,4,0.8650387525558472
7547,recon_00006.tiff,131827,1,0.2065812051296234,0.18795551359653473,0.4367245137691498,0.0091,0.7899096807003021,0.5632754564285278,0.4276245137691498,4,4,0.864349057340622
7185,recon_00006.tiff,119902,1,0.4315974712371826,0.23590359091758728,0.1880916804075241,0.0,0.7861018031835556,0.5684025287628174,0.4315974712371826,4,4,0.8631949424743652
6760,recon_00006.tiff,112059,1,0.4333447217941284,0.243109792470932,0.2459941953420639,0.01,0.7668878114223481,0.5666552782058716,0.4233447217941284,4,4,0.8566894435882568
13858,recon_00006.tiff,270534,1,0.4326232969760895,0.11660143733024597,0.13291357457637787,0.008833333333333332,0.827257085720698,0.5673767328262329,0.4237899636427561,4,4,0.8564132308165232
7172,recon_00006.tiff,119669,1,0.42755642533302307,0.2983455955982208,0.36919358372688293,0.0,0.7262261211872101,0.5724436044692993,0.42755642533302307,4,4,0.8551128208637238
6860,recon_00006.tiff,113479,2,0.5649423003196716,0.9261158108711243,0.9552161693572998,0.9829,0.8572935701370239,0.5649423003196716,0.41795769968032837,4,4,0.8530153993606567
7190,recon_00006.tiff,120019,1,0.37643542885780334,0.0719369500875473,0.42494744062423706,0.0,0.7816700488328934,0.5750525593757629,0.42494744062423706,4,4,0.8498948812484741
13565,recon_00006.tiff,266002,2,0.7095822691917419,0.9913934469223022,0.5717511773109436,0.8943380952380956,0.7917662471657708,0.5717511773109436,0.41964226961135864,4,4,0.847891092300415
14313,recon_00006.tiff,279465,1,0.2808699607849121,0.1273365318775177,0.4284762442111969,0.010666666666666666,0.7881626640160878,0.5715237855911255,0.41780957754453024,4,4,0.8462857919534048
6346,recon_00006.tiff,104374,2,0.5430201888084412,0.7259945869445801,0.9312421679496765,0.7860714285714282,0.7465820930685315,0.5430201888084412,0.38822197914123535,4,4,0.8452017903327942
7255,recon_00006.tiff,121588,1,0.3577929437160492,0.39302706718444824,0.42929139733314514,0.0135,0.7015971479415893,0.5707086324691772,0.41579139733314513,4,4,0.8450827648639678
13838,recon_00006.tiff,270180,2,0.6190970540046692,0.9325380921363831,0.5783066153526306,0.999,0.7822354403734207,0.5783066153526306,0.4206933846473694,4,4,0.8423867692947388
8559,recon_00006.tiff,157175,2,0.7603371143341064,0.8242871761322021,0.5398697257041931,0.9218857142857144,0.7615949326140541,0.5398697257041931,0.3820159885815213,4,4,0.8421462628773282
14323,recon_00006.tiff,285129,1,0.26909855008125305,0.11024176329374313,0.4230954349040985,0.006333333333333333,0.7978077277342479,0.5769045352935791,0.41676210157076515,4,4,0.8398575662771861
6546,recon_00006.tiff,108579,1,0.40906772017478943,0.39802658557891846,0.41952529549598694,0.0035,0.6924700996875763,0.5804747343063354,0.41602529549598694,4,4,0.8355505611896514
6545,recon_00006.tiff,108578,2,0.7585220336914062,0.8224153518676758,0.5778720378875732,0.9881333333333333,0.7867356891949971,0.5778720378875732,0.41026129544576007,4,4,0.8323892575581868
7472,recon_00006.tiff,129707,1,0.4346444606781006,0.2371334284543991,0.34868183732032776,0.037366666666666666,0.7355434054454167,0.5653555393218994,0.3972777940114339,4,4,0.8319222546895345
6220,recon_00006.tiff,101362,2,0.7308613061904907,0.7615752220153809,0.5416883826255798,0.9134380952380953,0.7368907515173867,0.5416883826255798,0.37174971261251544,4,4,0.8300613299869356
6710,recon_00006.tiff,111248,2,0.813832700252533,0.9729484915733337,0.583398699760437,0.996,0.8415449728965759,0.583398699760437,0.412601300239563,4,4,0.829202600479126
7093,recon_00006.tiff,117983,1,0.4705275893211365,0.2512246370315552,0.19414645433425903,0.11275714285714286,0.7428360441139766,0.5294724106788635,0.3577704464639936,4,4,0.8282980357851301
13891,recon_00006.tiff,271380,1,0.4217433035373688,0.038741592317819595,0.18074539303779602,0.015999999999999997,0.8356924436092377,0.5782567262649536,0.40574330353736876,4,4,0.8274865772724151
6635,recon_00006.tiff,110120,1,0.3774920701980591,0.06465357542037964,0.4233154356479645,0.023566666666666666,0.7777430704673132,0.5766845941543579,0.3997487689812978,4,4,0.8230641748269398
13715,recon_00006.tiff,268406,1,0.2729577422142029,0.07948243618011475,0.4164767265319824,0.0105,0.805145773768425,0.5835232734680176,0.4059767265319824,4,4,0.8224534530639649
6426,recon_00006.tiff,106355,2,0.7762370705604553,0.8007297515869141,0.563274085521698,0.9487714285714286,0.772253084060124,0.563274085521698,0.3854973430497306,4,4,0.8222232575280326
6982,recon_00006.tiff,115508,2,0.5674908757209778,0.9037384390830994,0.9168969988822937,0.9520190476190474,0.8350363403263545,0.5674908757209778,0.38452817189806965,4,4,0.8170372961770919
6487,recon_00006.tiff,107878,2,0.8227910399436951,0.9935339689254761,0.5883274674415588,0.9623333333333333,0.8417464524110159,0.5883274674415588,0.40520650148391724,4,4,0.8168790340423584
13732,recon_00006.tiff,268730,1,0.3250865638256073,0.06772617995738983,0.4385206401348114,0.061233333333333334,0.776858302060763,0.5614793300628662,0.37728730680147804,4,4,0.8158079767386118
6842,recon_00006.tiff,113227,1,0.4084942042827606,0.0538092702627182,0.11773860454559326,0.0025,0.8543644690513611,0.591505765914917,0.4059942042827606,4,4,0.8144884383678437
968,recon_00006.tiff,17822,1,0.27782905101776123,0.2186695635318756,0.41811031103134155,0.02213333333333333,0.7658144427220026,0.5818896889686584,0.3959769776980082,4,4,0.8140872887293498
6466,recon_00006.tiff,107427,1,0.484045147895813,0.22995057702064514,0.4890945851802826,0.16486190476190474,0.6580119462853387,0.510905385017395,0.3242326804183778,4,4,0.8133272954009828
13063,recon_00006.tiff,257444,2,0.7632690072059631,0.8057078719139099,0.5319520831108093,0.8769380952380952,0.7444667643671944,0.5319520831108093,0.34498601212728586,4,4,0.8130339290164765
13768,recon_00006.tiff,269259,2,0.6630633473396301,0.9879893064498901,0.5942503809928894,1.0,0.8113257586956024,0.5942503809928894,0.4057496190071106,4,4,0.8114992380142212
13767,recon_00006.tiff,269258,1,0.2720679044723511,0.16288328170776367,0.41091644763946533,0.0108,0.785833091545105,0.5890835523605347,0.40011644763946536,4,4,0.8110328952789307
8924,recon_00006.tiff,166360,2,0.7641274333000183,0.7997594475746155,0.5781424641609192,0.9659333333333333,0.7769906695922215,0.5781424641609192,0.3877908691724141,4,4,0.8096484050114949
7226,recon_00006.tiff,120886,1,0.40461301803588867,0.022598057985305786,0.0128627372905612,0.009428571428571429,0.8876244101013456,0.5953869819641113,0.3951844466073172,4,4,0.7997974646432059
6401,recon_00006.tiff,105757,2,0.7139545679092407,0.9202240705490112,0.5699982047080994,0.9397333333333334,0.7859775441249212,0.5699982047080994,0.36973512862523406,4,4,0.7997369239171347
6901,recon_00006.tiff,113918,1,0.400814026594162,0.1115880236029625,0.19054251909255981,0.002,0.8237638558149338,0.5991859436035156,0.398814026594162,4,4,0.7996280829906464
13701,recon_00006.tiff,268062,2,0.7688280940055847,0.9950724244117737,0.6002912521362305,1.0,0.8410479426383972,0.6002912521362305,0.39970874786376953,4,4,0.7994174957275391
13702,recon_00006.tiff,268134,2,0.721854567527771,0.9876683354377747,0.5968735814094543,0.9926666666666666,0.8247657877604166,0.5968735814094543,0.39579308525721224,4,4,0.7989195038477579
13798,recon_00006.tiff,269566,2,0.7828271389007568,0.994203507900238,0.6005449891090393,1.0,0.8443939089775085,0.6005449891090393,0.3994550108909607,4,4,0.7989100217819214
6430,recon_00006.tiff,106470,2,0.6001258492469788,0.9185619354248047,0.9971972703933716,0.996,0.8779712637662888,0.6001258492469788,0.3970714211463928,4,4,0.7969455718994141
6439,recon_00006.tiff,106601,1,0.23313498497009277,0.08046451956033707,0.40221288800239563,0.008,0.8190469037294388,0.5977871417999268,0.3942128880023956,4,4,0.7964257462024689
8298,recon_00006.tiff,150027,2,0.6945831775665283,0.7395281791687012,0.5625893473625183,0.9214,0.729525176024437,0.5625893473625183,0.3588106526374817,4,4,0.7962213052749634
6872,recon_00006.tiff,113599,2,0.5155238509178162,0.6538887619972229,0.7892295718193054,0.8264761904761907,0.6962795938026338,0.5155238509178162,0.31095233955837454,4,4,0.7954284886405584
6907,recon_00006.tiff,114040,1,0.24778428673744202,0.3632269501686096,0.4006117582321167,0.011333333333333332,0.7442609253327052,0.5993882417678833,0.3892784248987834,4,4,0.7898901831309001
6630,recon_00006.tiff,110023,2,0.8057984113693237,0.983705997467041,0.6045629382133484,0.9976666666666667,0.8479335034290949,0.6045629382133484,0.3931037284533183,4,4,0.7885407902399699
7145,recon_00006.tiff,119128,1,0.39322495460510254,0.15813635289669037,0.1730228066444397,0.0,0.8189039677381516,0.6067750453948975,0.39322495460510254,4,4,0.7864499092102051
7556,recon_00006.tiff,132233,1,0.2293730527162552,0.3175576329231262,0.3987671732902527,0.011766666666666668,0.7606338723262152,0.6012328267097473,0.38700050662358604,4,4,0.7857676799138387
8780,recon_00006.tiff,162864,2,0.7684312462806702,0.9630692005157471,0.6069033145904541,0.998,0.8341009403467179,0.6069033145904541,0.3910966854095459,4,4,0.7841933708190918
7554,recon_00006.tiff,132141,2,0.7474114894866943,0.9889708757400513,0.6079654693603516,1.0,0.8360869586467743,0.6079654693603516,0.39203453063964844,4,4,0.7840690612792969
8505,recon_00006.tiff,156016,2,0.7637153267860413,0.84934401512146,0.6102837920188904,1.0,0.8058357834815979,0.6102837920188904,0.3897162079811096,4,4,0.7794324159622192
8506,recon_00006.tiff,156017,2,0.8474907875061035,0.8162739872932434,0.5575571656227112,0.8935047619047618,0.7787066755817049,0.5575571656227112,0.3359475962820506,4,4,0.7783904306593394
3974,recon_00006.tiff,59007,1,0.38778552412986755,0.024831507354974747,0.05296561121940613,0.0,0.8836043179035187,0.6122144460678101,0.38778552412986755,4,4,0.7755710780620575
7507,recon_00006.tiff,130871,2,0.6546271443367004,0.9900834560394287,0.6130139827728271,1.0,0.8144311457872391,0.6130139827728271,0.38698601722717285,4,4,0.7739720344543457
6643,recon_00006.tiff,110224,2,0.6332913041114807,0.9146820902824402,0.5708695650100708,0.7927571428571429,0.7279000255652837,0.5708695650100708,0.3438125252723694,4,4,0.7729429602622986
7551,recon_00006.tiff,132032,2,0.7253606915473938,0.9695681929588318,0.6139248013496399,1.0,0.8272134214639664,0.6139248013496399,0.3860751986503601,4,4,0.7721503973007202
7213,recon_00006.tiff,120515,1,0.30491310358047485,0.24501290917396545,0.38353806734085083,0.0,0.7666339874267578,0.6164619326591492,0.38353806734085083,4,4,0.7670761346817017
7445,recon_00006.tiff,128878,2,0.7279107570648193,0.989389955997467,0.6164369583129883,0.999,0.8331844178438187,0.6164369583129883,0.3825630416870117,4,4,0.7661260833740234
8342,recon_00006.tiff,151191,2,0.6171408891677856,0.9670491814613342,0.9735732674598694,0.998,0.8889408345222474,0.6171408891677856,0.38085911083221435,4,4,0.7637182216644287
6824,recon_00006.tiff,112974,2,0.9068647623062134,0.9399729371070862,0.6138232350349426,0.9885,0.8622902336120606,0.6138232350349426,0.3746767649650574,4,4,0.7608535299301148
7444,recon_00006.tiff,128877,1,0.2831745147705078,0.15065479278564453,0.39037400484085083,0.019933333333333334,0.7889658385674159,0.6096259951591492,0.37044067150751747,4,4,0.7608146763483683
7369,recon_00006.tiff,126304,1,0.3793531358242035,0.24495607614517212,0.14802713692188263,0.001,0.8066659090518952,0.6206468343734741,0.3783531358242035,4,4,0.7577063014507294
6588,recon_00006.tiff,109290,2,0.8447117805480957,0.7534018158912659,0.544295608997345,0.8444619047619046,0.7467177775496527,0.544295608997345,0.30041617155075073,4,4,0.7561205625534058
6745,recon_00006.tiff,111844,2,0.9154818654060364,0.9485098719596863,0.6216749548912048,0.9985,0.8710416730642319,0.6216749548912048,0.3768250451087952,4,4,0.7551500902175904
6589,recon_00006.tiff,109292,1,0.40541309118270874,0.3955605626106262,0.45269477367401123,0.15133333333333332,0.6487495597998301,0.5473052263259888,0.3013614403406779,4,4,0.7540562140146891
8301,recon_00006.tiff,150130,2,0.9095279574394226,0.9522375464439392,0.6225526928901672,0.998,0.8705795491933823,0.6225526928901672,0.37544730710983276,4,4,0.7528946142196655
13883,recon_00006.tiff,271152,2,0.6212323307991028,0.7519277334213257,0.9676571488380432,0.9953333333333333,0.8340376365979513,0.6212323307991028,0.3741010025342305,4,4,0.7528686717351277
13687,recon_00006.tiff,267822,2,0.6408456563949585,0.6808539628982544,0.6231192350387573,0.998,0.7357047135829926,0.6231192350387573,0.3748807649612427,4,4,0.7517615299224853
6394,recon_00006.tiff,105516,2,0.8267191052436829,0.9915491342544556,0.6201858520507812,0.9915238095238095,0.8574944752681823,0.6201858520507812,0.3713632822036743,4,4,0.7511774301528931
6685,recon_00006.tiff,110800,2,0.7224787473678589,0.9665888547897339,0.6278451681137085,1.0,0.8292281925678253,0.6278451681137085,0.3721548318862915,4,4,0.744309663772583
13859,recon_00006.tiff,270536,2,0.7376860976219177,0.9948765635490417,0.6288090348243713,1.0,0.8403429239988327,0.6288090348243713,0.37119096517562866,4,4,0.7423819303512573
7026,recon_00006.tiff,116706,1,0.4088267683982849,0.1729038804769516,0.30999991297721863,0.07696666666666666,0.7578256816943487,0.5911732316017151,0.3318601017316183,4,4,0.7406868701299032
13826,recon_00006.tiff,269953,1,0.2710140347480774,0.11322419345378876,0.3766521215438843,0.013933333333333334,0.8062940755049388,0.6233478784561157,0.3627187882105509,4,4,0.7393709097544352
6415,recon_00006.tiff,106115,2,0.7369740009307861,0.9446291327476501,0.6033702492713928,0.9182666666666666,0.800810012404124,0.6033702492713928,0.3412588834762573,4,4,0.7378886342048645
8923,recon_00006.tiff,166359,2,0.7821146845817566,0.9935867190361023,0.6311875581741333,1.0,0.851722240447998,0.6311875581741333,0.3688124418258667,4,4,0.7376248836517334
3973,recon_00006.tiff,59006,1,0.36914026737213135,0.01070520468056202,0.00905636791139841,0.002,0.902274527668953,0.6308597326278687,0.36714026737213135,4,4,0.7362805347442627
7161,recon_00006.tiff,119452,1,0.06596646457910538,0.35166656970977783,0.37742599844932556,0.0194,0.7963852287769317,0.622573971748352,0.3580259984493256,4,4,0.7354520267009735
13854,recon_00006.tiff,270459,1,0.2489599585533142,0.1306203305721283,0.36840736865997314,0.0035,0.8121280781030655,0.6315926313400269,0.36490736865997314,4,4,0.7333147373199462
6714,recon_00006.tiff,111268,1,0.20661665499210358,0.15003852546215057,0.3654423654079437,0.0,0.8194756060838699,0.6345576047897339,0.3654423654079437,4,4,0.7308847606182098
4055,recon_00006.tiff,60006,1,0.36593756079673767,0.0655084177851677,0.024549046531319618,0.001,0.8857512292861939,0.6340624094009399,0.36493756079673767,4,4,0.7308751513957977
6997,recon_00006.tiff,115872,1,0.3296678960323334,0.05330246686935425,0.365808367729187,0.002,0.8123053098917008,0.634191632270813,0.363808367729187,4,4,0.729616735458374
13840,recon_00006.tiff,270182,2,0.6628320813179016,0.709802508354187,0.634272038936615,0.998,0.751226657152176,0.634272038936615,0.363727961063385,4,4,0.72945592212677
7427,recon_00006.tiff,128417,2,0.691922128200531,0.9954115748405457,0.6354333162307739,1.0,0.8306917548179626,0.6354333162307739,0.3645666837692261,4,4,0.7291333675384521
3652,recon_00006.tiff,54189,1,0.18187952041625977,0.01275190431624651,0.3650372624397278,0.001,0.8598328349590302,0.6349627375602722,0.3640372624397278,4,4,0.7290745248794556
4056,recon_00006.tiff,60007,1,0.22541679441928864,0.009065007790923119,0.36324554681777954,0.0,0.8505681604146957,0.6367544531822205,0.36324554681777954,4,4,0.7264910936355591
6704,recon_00006.tiff,111140,1,0.2074396312236786,0.22139298915863037,0.4144999086856842,0.11033333333333332,0.7615835343996684,0.5855001211166382,0.30416657535235087,4,4,0.7186664542357126
6686,recon_00006.tiff,110801,1,0.1527586132287979,0.03248625621199608,0.35923898220062256,0.001,0.8636290398836136,0.6407610177993774,0.35823898220062256,4,4,0.7174779644012451
13710,recon_00006.tiff,268276,2,0.695358157157898,0.9938516616821289,0.6407656669616699,0.9986666666666666,0.8321605381170909,0.6407656669616699,0.35790099970499667,4,4,0.7171353327433267
6363,recon_00006.tiff,104725,2,0.5405040383338928,0.7963864803314209,0.6159418225288391,0.7194761904761905,0.6680771329175859,0.5405040383338928,0.2558824419975281,4,4,0.7153784036636353
7220,recon_00006.tiff,120755,1,0.35662931203842163,0.18464159965515137,0.14878296852111816,0.0,0.8274865299463272,0.6433706879615784,0.35662931203842163,4,4,0.7132586240768433
13499,recon_00006.tiff,265358,1,0.305684894323349,0.35723677277565,0.37851542234420776,0.04433333333333333,0.728557394305865,0.6214845776557922,0.33418208901087443,4,4,0.7126975113550822
5128,recon_00006.tiff,79680,1,0.10867907851934433,0.07113751024007797,0.39186567068099976,0.08987619047619046,0.8346103986967177,0.6081343293190002,0.3207281604409218,4,4,0.7125938311219215
13823,recon_00006.tiff,269883,2,0.8044589161872864,0.8643878102302551,0.6452181935310364,1.0,0.8285162299871445,0.6452181935310364,0.3547818064689636,4,4,0.7095636129379272
8959,recon_00006.tiff,167319,2,0.7263603806495667,0.6037670373916626,0.6023735404014587,0.9129666666666667,0.7113669062773387,0.6023735404014587,0.31059312626520796,4,4,0.7082195858637492
13827,recon_00006.tiff,269954,2,0.7447412014007568,0.8357889652252197,0.6435821652412415,0.995,0.8047780829668045,0.6435821652412415,0.35141783475875854,4,4,0.7078356695175171
6703,recon_00006.tiff,111138,1,0.180254727602005,0.03349624574184418,0.3531128764152527,0.0,0.8582840412855148,0.6468871235847473,0.3531128764152527,4,4,0.7062257528305054
8328,recon_00006.tiff,150840,2,0.6401914954185486,0.9810740351676941,0.9063407778739929,0.9843333333333334,0.8779849104483922,0.6401914954185486,0.3441418379147848,4,4,0.7039503424962362
13848,recon_00006.tiff,270323,2,0.721118152141571,0.7751922607421875,0.650691568851471,1.0,0.7867504954338074,0.650691568851471,0.34930843114852905,4,4,0.6986168622970581
13876,recon_00006.tiff,270877,2,0.6739919781684875,0.6932581663131714,0.6509588956832886,1.0,0.7545522600412369,0.6509588956832886,0.3490411043167114,4,4,0.6980822086334229
6420,recon_00006.tiff,106246,2,0.6504072546958923,0.9895225167274475,0.9939828515052795,0.998,0.9079781557321549,0.6504072546958923,0.34759274530410766,4,4,0.6971854906082153
13845,recon_00006.tiff,270255,2,0.6517066955566406,0.9018315672874451,0.9583016037940979,1.0,0.8779599666595459,0.6517066955566406,0.3482933044433594,4,4,0.6965866088867188
13709,recon_00006.tiff,268275,1,0.3463945984840393,0.12150872498750687,0.34270018339157104,0.001,0.7970991251468659,0.6536054015159607,0.3453945984840393,4,4,0.6917891969680786
6431,recon_00006.tiff,106471,2,0.6561269760131836,0.9760628342628479,0.9967690706253052,0.997,0.9064897202253341,0.6561269760131836,0.3408730239868164,4,4,0.6847460479736328
13879,recon_00006.tiff,271021,2,0.8010092377662659,0.8599087595939636,0.6594821810722351,1.0,0.8301000446081161,0.6594821810722351,0.3405178189277649,4,4,0.6810356378555298
4003,recon_00006.tiff,59420,1,0.2859160006046295,0.2613978087902069,0.3388414978981018,0.0,0.7784611731767654,0.6611585021018982,0.3388414978981018,4,4,0.6776829957962036
3928,recon_00006.tiff,58291,1,0.017393307760357857,0.05412792041897774,0.34272804856300354,0.009666666666666665,0.8940210229953129,0.6572719812393188,0.3330613818963369,4,4,0.675789400657018
7228,recon_00006.tiff,120995,1,0.34095481038093567,0.047851402312517166,0.006154715549200773,0.006142857142857143,0.8997240656444004,0.6590452194213867,0.33481195323807855,4,4,0.6757667338166918
6769,recon_00006.tiff,112301,2,0.6638246178627014,0.991366446018219,0.997164785861969,0.999,0.9128389624357224,0.6638246178627014,0.3351753821372986,4,4,0.6713507642745972
7229,recon_00006.tiff,120996,1,0.33463254570961,0.1934947371482849,0.11616095900535583,0.0,0.8389279395341873,0.6653674840927124,0.33463254570961,4,4,0.6692650616168976
8770,recon_00006.tiff,162421,2,0.6517594456672668,0.9699263572692871,0.9491974115371704,0.9716999999999999,0.885645803618431,0.6517594456672668,0.31994055433273305,4,4,0.6681811086654662
5123,recon_00006.tiff,79578,1,0.08963428437709808,0.19899755716323853,0.3345125615596771,0.0013333333333333333,0.8438805547157924,0.6654874086380005,0.33317922822634377,4,4,0.6676918195883432
5140,recon_00006.tiff,79911,1,0.14083831012248993,0.015450172126293182,0.33862608671188354,0.0325,0.868146352171898,0.6613739132881165,0.32317591458559036,4,4,0.6618020012974739
8291,recon_00006.tiff,149788,2,0.8580202460289001,0.9301350712776184,0.6352076530456543,0.8990666666666667,0.8306074092547099,0.6352076530456543,0.2949274182319641,4,4,0.6597197651863098
13810,recon_00006.tiff,269730,2,0.8215369582176208,0.9067444205284119,0.6706904172897339,0.999,0.8494929490089417,0.6706904172897339,0.3283095827102661,4,4,0.6576191654205322
6861,recon_00006.tiff,113480,2,0.6386420726776123,0.9314777255058289,0.8664833307266235,0.9326333333333333,0.8423091155608495,0.6386420726776123,0.293991260655721,4,4,0.6553491879781087
13724,recon_00006.tiff,268584,2,0.6731105446815491,0.9766630530357361,0.9858683347702026,1.0,0.908910483121872,0.6731105446815491,0.3268894553184509,4,4,0.6537789106369019
8287,recon_00006.tiff,149680,2,0.8813369870185852,0.9229441285133362,0.6751300096511841,1.0,0.8698527812957764,0.6751300096511841,0.3248699903488159,4,4,0.6497399806976318
6770,recon_00006.tiff,112302,1,0.05064166337251663,0.012461377307772636,0.3260425925254822,0.003333333333333333,0.901880263487498,0.6739574074745178,0.3227092591921488,4,4,0.648751851717631
13727,recon_00006.tiff,268638,2,0.6775587201118469,0.9724133014678955,0.987490713596344,1.0,0.9093656837940216,0.6775587201118469,0.3224412798881531,4,4,0.6448825597763062
6665,recon_00006.tiff,110567,1,0.1435413658618927,0.18988840281963348,0.32307785749435425,0.0013333333333333333,0.8355397638479869,0.6769221425056458,0.3217445241610209,4,4,0.6448223816553751
8331,recon_00006.tiff,150931,1,0.18532522022724152,0.029005497694015503,0.3317948579788208,0.026057142857142862,0.8569543165854046,0.6682051420211792,0.3057377151216779,4,4,0.6375325731004987
6691,recon_00006.tiff,110911,2,0.6808773279190063,0.7894240021705627,0.9948552846908569,0.9982000000000001,0.8658391536951066,0.6808773279190063,0.31732267208099374,4,4,0.6364453441619874
13862,recon_00006.tiff,270597,2,0.7201279997825623,0.7615523934364319,0.6832089424133301,1.0,0.791222333908081,0.6832089424133301,0.3167910575866699,4,4,0.6335821151733398
8557,recon_00006.tiff,157170,2,0.6856869459152222,0.9908522963523865,0.9790965914726257,1.0,0.9139089584350586,0.6856869459152222,0.31431305408477783,4,4,0.6286261081695557
5097,recon_00006.tiff,79143,1,0.08857373893260956,0.22983376681804657,0.314115971326828,0.0,0.8418691158294678,0.6858839988708496,0.314115971326828,4,4,0.6282319724559784
6732,recon_00006.tiff,111632,2,0.6268141865730286,0.8471884727478027,0.6860709190368652,0.8795380952380952,0.759902918398948,0.6268141865730286,0.25272390866506667,4,4,0.6259097220920381
6049,recon_00006.tiff,96165,1,0.026911960914731026,0.0013056762982159853,0.3132402002811432,0.014857142857142857,0.9109212533405848,0.6867598295211792,0.3119345239829272,4,4,0.625174694461748
6664,recon_00006.tiff,110566,1,0.3106630742549896,0.025927377864718437,0.016152918338775635,0.0,0.9118141531944275,0.689336895942688,0.3106630742549896,4,4,0.6213261783123016
7022,recon_00006.tiff,116618,1,0.02423051930963993,0.00219848589040339,0.3114049732685089,0.02169047619047619,0.9101188957066764,0.6885950565338135,0.3092064873781055,4,4,0.620611430844292
4047,recon_00006.tiff,59914,1,0.15108804404735565,0.19637498259544373,0.30949336290359497,0.0,0.8357608914375305,0.690506637096405,0.30949336290359497,4,4,0.6189867258071899
3983,recon_00006.tiff,59105,1,0.308613121509552,0.1794731616973877,0.09433551132678986,0.0,0.8543945550918579,0.691386878490448,0.308613121509552,4,4,0.617226243019104
3711,recon_00006.tiff,55011,1,0.07032594829797745,0.1373320072889328,0.3082456886768341,0.002428571428571429,0.870416944214276,0.6917543411254883,0.30581711724826266,4,4,0.6140627761227744
13808,recon_00006.tiff,269728,1,0.31537166237831116,0.0791667029261589,0.2791586220264435,0.016833333333333332,0.8273674328724543,0.6846283674240112,0.29853832904497785,4,4,0.6139099616209667
13698,recon_00006.tiff,267988,2,0.7015819549560547,0.969795286655426,0.9883070588111877,1.0,0.9149210751056671,0.7015819549560547,0.2984180450439453,4,4,0.5968360900878906
6222,recon_00006.tiff,101364,2,0.628376305103302,0.8449315428733826,0.6242677569389343,0.6996261904761908,0.6993004488479524,0.6242677569389343,0.22066378593444824,4,4,0.5963960289955139
7461,recon_00006.tiff,129356,1,0.17713163793087006,0.07482726126909256,0.33369868993759155,0.18207142857142855,0.8080677437101091,0.6663013100624084,0.258871428668499,4,4,0.5925701186060905
5134,recon_00006.tiff,79801,1,0.08938268572092056,0.18983575701713562,0.29570305347442627,0.001,0.8560196129083634,0.7042969465255737,0.29470305347442627,4,4,0.5904061069488525
3875,recon_00006.tiff,57491,1,0.07441447675228119,0.2187962383031845,0.30843955278396606,0.026899999999999993,0.8428624255895615,0.6915604472160339,0.2815395527839661,4,4,0.5899791055679322
7411,recon_00006.tiff,127712,1,0.29628315567970276,0.17448653280735016,0.25291186571121216,0.002833333333333333,0.8183712892929713,0.7037168741226196,0.2934498223463694,4,4,0.5897329482237498
5948,recon_00006.tiff,94126,1,0.01242203637957573,0.000410559237934649,0.29360857605934143,0.0115,0.9205147179365158,0.706391453742981,0.2931980168214068,4,4,0.5868065630784258
6713,recon_00006.tiff,111267,1,0.28971830010414124,0.01808919943869114,0.03050471842288971,0.0,0.9154219627380371,0.7102817296981812,0.28971830010414124,4,4,0.5794365704059601
13850,recon_00006.tiff,270385,1,0.2889297902584076,0.16970238089561462,0.26263606548309326,0.005333333333333333,0.8183495926062266,0.71107017993927,0.28359645692507424,4,4,0.5725262769858042
13692,recon_00006.tiff,267906,2,0.7151376605033875,0.9834073185920715,0.9709757566452026,0.996,0.9163801839351654,0.7151376605033875,0.28086233949661255,4,4,0.5657246789932251
5,recon_00006.tiff,1508,1,0.19879688322544098,0.044755689799785614,0.28992199897766113,0.01633333333333333,0.8625480255285899,0.7100780010223389,0.2735886656443278,4,4,0.563510664621989
3694,recon_00006.tiff,54723,1,0.2805643677711487,0.2249249815940857,0.11732643842697144,0.0015,0.8439210530519485,0.7194356322288513,0.2790643677711487,4,4,0.5596287355422973
6561,recon_00006.tiff,108901,1,0.06203899160027504,0.25217270851135254,0.2804202437400818,0.0026666666666666666,0.8506753408511479,0.7195797562599182,0.27775357707341514,4,4,0.558173820813497
13593,recon_00006.tiff,266450,1,0.012176706455647945,0.0014280946925282478,0.27579063177108765,0.022523809523809522,0.92202019963378,0.7242093682289124,0.2743625370785594,4,4,0.550153168849647
8607,recon_00006.tiff,158539,2,0.6087667942047119,0.7594316005706787,0.7152636051177979,0.7265285714285713,0.7024976428304399,0.6087667942047119,0.1506648063659668,4,4,0.5418980121612549
13763,recon_00006.tiff,269194,2,0.7310853600502014,0.9884918928146362,0.9682585000991821,1.0,0.9219589382410049,0.7310853600502014,0.2689146399497986,4,4,0.5378292798995972
13564,recon_00006.tiff,266001,1,0.2731544077396393,0.07608073204755783,0.0605558305978775,0.010666666666666666,0.8948856000502904,0.7268456220626831,0.2624877410729726,4,4,0.5356421190102896
13506,recon_00006.tiff,265426,2,0.7295525074005127,0.986687183380127,0.9550167322158813,0.9069809523809522,0.8945593438443683,0.7295525074005127,0.25713467597961426,4,4,0.5275821685791016
8949,recon_00006.tiff,166942,2,0.7311394214630127,0.9576879143714905,0.9216777682304382,0.9841666666666667,0.8986679426829021,0.7311394214630127,0.25302724520365405,4,4,0.5218878237406414
6850,recon_00006.tiff,113349,2,0.740343451499939,0.9898674488067627,0.9181524515151978,0.9440952380952382,0.8981146474792844,0.740343451499939,0.24952399730682373,4,4,0.5091805458068848
6033,recon_00006.tiff,95806,1,0.0012440591817721725,6.084646156523377e-05,0.2540634572505951,0.009023809523809524,0.9339019447338013,0.7459365129470825,0.25400261078902986,4,4,0.5080660978419473
7478,recon_00006.tiff,129934,2,0.7471857666969299,0.9964095950126648,0.9888319969177246,1.0,0.9331068396568298,0.7471857666969299,0.25281423330307007,4,4,0.5056284666061401
13792,recon_00006.tiff,269489,2,0.7495392560958862,0.9866712689399719,0.9787639379501343,1.0,0.9287436157464981,0.7495392560958862,0.25046074390411377,4,4,0.5009214878082275
13875,recon_00006.tiff,270799,2,0.7353892922401428,0.8174074292182922,0.9673992395401001,0.9483333333333333,0.8671323235829671,0.7353892922401428,0.23200994729995728,4,4,0.49662065505981445
8657,recon_00006.tiff,159626,2,0.7518500685691833,0.9931413531303406,0.9685579538345337,1.0,0.9283873438835144,0.7518500685691833,0.24814993143081665,4,4,0.4962998628616333
7034,recon_00006.tiff,116801,2,0.7302921414375305,0.9546357989311218,0.9089187383651733,0.9449857142857143,0.884708098254885,0.7302921414375305,0.2243436574935913,4,4,0.4940515160560608
5363,recon_00006.tiff,83701,2,0.7457757592201233,0.9716669917106628,0.9254723191261292,0.9853999999999999,0.9070787675142288,0.7457757592201233,0.23962424077987665,4,4,0.49384848155975336
6378,recon_00006.tiff,105178,2,0.7348788380622864,0.9628435373306274,0.9035105109214783,0.8431619047619047,0.8610986977690742,0.7348788380622864,0.22796469926834106,4,4,0.4930858612060547
8899,recon_00006.tiff,165860,2,0.738017737865448,0.9685400724411011,0.9310312271118164,0.892747619047619,0.8825841641164961,0.738017737865448,0.23052233457565308,4,4,0.4925045967102051
6637,recon_00006.tiff,110130,2,0.7560966610908508,0.9562450647354126,0.9897655248641968,1.0,0.925526812672615,0.7560966610908508,0.24390333890914917,4,4,0.48780667781829834
8739,recon_00006.tiff,161490,2,0.7068262100219727,0.8282250761985779,0.9012249112129211,0.7241619047619047,0.7901095255488441,0.7068262100219727,0.1943987011909485,4,4,0.48757249116897583
5433,recon_00006.tiff,84511,2,0.7524115443229675,0.9765812158584595,0.9115959405899048,0.9903333333333334,0.9077305085261663,0.7524115443229675,0.23792178901036587,4,4,0.48551024468739834
6286,recon_00006.tiff,103129,1,0.2622779309749603,0.04331445321440697,0.041347939521074295,0.17250000000000004,0.8701399153470992,0.7377220392227173,0.22092999145388603,4,4,0.48320795223116875
5098,recon_00006.tiff,79144,1,0.24256619811058044,0.03291235864162445,0.018550409004092216,0.003,0.9257427506446838,0.7574337720870972,0.23956619811058044,4,4,0.4821324260234833
13867,recon_00006.tiff,270655,2,0.7601996064186096,0.9913074374198914,0.9851426482200623,1.0,0.9341624230146408,0.7601996064186096,0.23980039358139038,4,4,0.47960078716278076
6644,recon_00006.tiff,110244,2,0.7623413801193237,0.9562775492668152,0.989791214466095,1.0,0.9271025359630585,0.7623413801193237,0.23765861988067627,4,4,0.47531723976135254
13557,recon_00006.tiff,265931,1,0.2587774991989136,0.04462416097521782,0.15827932953834534,0.0879,0.8626047628164292,0.7412225008010864,0.21415333822369576,4,4,0.47293083742260933
7450,recon_00006.tiff,129008,2,0.7634764909744263,0.9944620728492737,0.9835830330848694,0.9985,0.9350053992271423,0.7634764909744263,0.23502350902557378,4,4,0.4715470180511475
3664,recon_00006.tiff,54311,1,0.2355908900499344,0.053991176187992096,0.011223751120269299,0.0013333333333333333,0.9244652148882548,0.7644091248512268,0.23425755671660106,4,4,0.4698484318653743
6472,recon_00006.tiff,107535,2,0.7279467582702637,0.9239668250083923,0.8869003057479858,0.8994142857142857,0.8595570436852319,0.7279467582702637,0.19602006673812866,4,4,0.468073308467865
12972,recon_00006.tiff,254812,2,0.7242967486381531,0.8546192049980164,0.8750433921813965,0.9063333333333332,0.8400731697877248,0.7242967486381531,0.18203658469518014,4,4,0.45773983605702706
6794,recon_00006.tiff,112637,1,0.23035350441932678,0.0058783674612641335,0.02163129299879074,0.04923333333333334,0.9232258756796519,0.7696465253829956,0.22447513695806265,4,4,0.45482861157506704
7417,recon_00006.tiff,127935,2,0.7728983759880066,0.9786710143089294,0.8595935106277466,1.0,0.9027907252311707,0.7728983759880066,0.2271016240119934,4,4,0.4542032480239868
13627,recon_00006.tiff,266901,2,0.6319939494132996,0.7104949951171875,0.6871196627616882,0.7178619047619047,0.68686762801352,0.6319939494132996,0.08586795534860514,4,4,0.4538740059353056
6776,recon_00006.tiff,112396,2,0.7455262541770935,0.9444891810417175,0.7716872692108154,0.8922571428571427,0.8384899618216923,0.7455262541770935,0.19896292686462402,4,4,0.4534366726875305
6636,recon_00006.tiff,110129,2,0.7752857208251953,0.9927005171775818,0.9939510822296143,0.999,0.9402343300580979,0.7752857208251953,0.2237142791748047,4,4,0.4484285583496094
8749,recon_00006.tiff,161789,2,0.7761611342430115,0.9628239870071411,0.9870188236236572,0.999,0.9312509862184525,0.7761611342430115,0.22283886575698852,4,4,0.44667773151397705
7383,recon_00006.tiff,126887,1,0.19428499042987823,0.08041178435087204,0.22225721180438995,0.005333333333333333,0.8744281756083171,0.7777428030967712,0.21692387847105662,4,4,0.4391810753742854
3712,recon_00006.tiff,55012,1,0.21650201082229614,0.13351444900035858,0.09364444762468338,0.0,0.8890847712755203,0.7834979891777039,0.21650201082229614,4,4,0.4330040216445923
13777,recon_00006.tiff,269338,2,0.7841514945030212,0.9838341474533081,0.9825897216796875,0.998,0.9371438409090043,0.7841514945030212,0.21384850549697876,4,4,0.4296970109939575
7147,recon_00006.tiff,119138,1,0.22379451990127563,0.021402010694146156,0.019396917894482613,0.0271,0.927076644396782,0.7762054800987244,0.20439760200679302,4,4,0.42819212190806866
8864,recon_00006.tiff,164988,2,0.7848625779151917,0.9794189929962158,0.9910248517990112,0.9950333333333333,0.937584939010938,0.7848625779151917,0.21017075541814167,4,4,0.42530817750295
6674,recon_00006.tiff,110690,2,0.7874104380607605,0.9243125915527344,0.8837644457817078,0.9973333333333334,0.8982052021821341,0.7874104380607605,0.2099228952725729,4,4,0.4225124572118124
13887,recon_00006.tiff,271237,2,0.7740161418914795,0.9701480269432068,0.815546452999115,0.9636666666666666,0.880844322125117,0.7740161418914795,0.1961318850517273,4,4,0.4221157431602478
13755,recon_00006.tiff,269115,2,0.7898665070533752,0.9952568411827087,0.9874619841575623,0.999,0.9428963330984116,0.7898665070533752,0.20913349294662475,4,4,0.4192669858932495
6631,recon_00006.tiff,110024,2,0.7939175367355347,0.962600588798523,0.9899882674217224,1.0,0.936626598238945,0.7939175367355347,0.20608246326446533,4,4,0.41216492652893066
6722,recon_00006.tiff,111403,2,0.7951523065567017,0.9387899041175842,0.9877930283546448,1.0,0.9304338097572327,0.7951523065567017,0.20484769344329834,4,4,0.4096953868865967
6951,recon_00006.tiff,114859,1,0.2060796618461609,0.006560053210705519,0.007216866128146648,0.017900000000000003,0.9405608599424362,0.7939203381538391,0.19951960863545537,4,4,0.40559927048161626
6500,recon_00006.tiff,108100,2,0.7572692632675171,0.766667366027832,0.918978750705719,0.8085761904761903,0.8128728926193146,0.7572692632675171,0.1617094874382019,4,4,0.4044402241706848
7561,recon_00006.tiff,132457,2,0.7755098938941956,0.9535697102546692,0.9496203660964966,0.9281666666666667,0.901716659228007,0.7755098938941956,0.17805981636047363,4,4,0.4025499224662781
14319,recon_00006.tiff,282372,1,0.20420047640800476,0.03171990439295769,0.1565033197402954,0.0066,0.900244062757492,0.7957994937896729,0.19760047640800477,4,4,0.4018009826183319
6768,recon_00006.tiff,112281,2,0.7908549308776855,0.9494925141334534,0.9057150483131409,0.9799999999999999,0.9065156233310699,0.7908549308776855,0.18914506912231432,4,4,0.3982901382446288
6302,recon_00006.tiff,103440,1,0.0003464616311248392,0.015172068029642105,0.1988108903169632,0.006,0.9449176446199417,0.801189124584198,0.19846442868583836,4,4,0.39727530410164036
8401,recon_00006.tiff,153152,2,0.8024477362632751,0.9933470487594604,0.9088058471679688,1.0,0.9261501580476761,0.8024477362632751,0.19755226373672485,4,4,0.3951045274734497
6771,recon_00006.tiff,112303,1,0.19634686410427094,0.017918234691023827,0.0063422322273254395,0.0,0.9448481649160385,0.8036531209945679,0.19634686410427094,4,4,0.39269374310970306
8771,recon_00006.tiff,162422,2,0.8118861317634583,0.9809918999671936,0.800927996635437,0.9436190476190475,0.8843562689962841,0.800927996635437,0.1800639033317566,4,4,0.3791359066963196
8662,recon_00006.tiff,159737,2,0.8094355463981628,0.9952747821807861,0.9821382761001587,0.9947,0.9453871511697769,0.8094355463981628,0.1858392357826233,4,4,0.37640368938446045
3700,recon_00006.tiff,54828,1,0.19409015774726868,0.1472965031862259,0.12216518819332123,0.012076190476190476,0.8810929975498291,0.8059098720550537,0.18201396727107821,4,4,0.3761040952160245
8574,recon_00006.tiff,157529,2,0.813915491104126,0.9917077422142029,0.8903317451477051,1.0,0.9239887446165085,0.813915491104126,0.18608450889587402,4,4,0.37216901779174805
3686,recon_00006.tiff,54607,1,0.08766981214284897,0.14796140789985657,0.043185051530599594,0.20647142857142858,0.87867808707101,0.7935285714285714,0.163286377040829,4,4,0.36975780561225763
6632,recon_00006.tiff,110025,2,0.8173075318336487,0.9880174398422241,0.9914252758026123,1.0,0.9491875618696213,0.8173075318336487,0.18269246816635132,4,4,0.36538493633270264
8898,recon_00006.tiff,165859,2,0.8169853091239929,0.9877668619155884,0.9954765439033508,0.9895333333333334,0.9474405120690663,0.8169853091239929,0.1784912347793579,4,4,0.361505925655365
6705,recon_00006.tiff,111141,2,0.8195853233337402,0.9882345199584961,0.9045730829238892,1.0,0.9280982315540314,0.8195853233337402,0.18041467666625977,4,4,0.36082935333251953
13882,recon_00006.tiff,271151,2,0.8250535130500793,0.9912925362586975,0.8843623995780945,1.0,0.9251771122217178,0.8250535130500793,0.17494648694992065,4,4,0.3498929738998413
6604,recon_00006.tiff,109517,2,0.8254684805870056,0.9905321598052979,0.8879903554916382,0.999,0.9257477489709854,0.8254684805870056,0.17353151941299438,4,4,0.34806303882598877
6676,recon_00006.tiff,110693,1,0.17345090210437775,0.035048749297857285,0.1380070596933365,0.001,0.9131233361959458,0.8265491127967834,0.17245090210437775,4,4,0.3459017893075943
6698,recon_00006.tiff,111000,2,0.8244800567626953,0.9724382162094116,0.8225246667861938,0.9698000000000001,0.8973107349395752,0.8225246667861938,0.14991354942321777,4,4,0.3273888826370239
13714,recon_00006.tiff,268340,2,0.8374634981155396,0.9918732047080994,0.8627258539199829,0.9983333333333334,0.9225989725192388,0.8374634981155396,0.16086983521779386,4,4,0.3234063371022543
6796,recon_00006.tiff,112646,1,0.1623864620923996,0.012895096093416214,0.009687456302344799,0.005933333333333333,0.9522743997732799,0.8376135230064392,0.15645312875906625,4,4,0.31883960575262704
3879,recon_00006.tiff,57586,1,0.15984736382961273,0.010628496296703815,0.010261510498821735,0.001,0.9545656410455704,0.8401526212692261,0.15884736382961273,4,4,0.31869474256038666
13809,recon_00006.tiff,269729,2,0.8411004543304443,0.993334174156189,0.8669958710670471,1.0,0.9253576248884201,0.8411004543304443,0.15889954566955566,4,4,0.31779909133911133
8538,recon_00006.tiff,156602,2,0.842988908290863,0.9954696893692017,0.8818100690841675,1.0,0.930067166686058,0.842988908290863,0.15701109170913696,4,4,0.3140221834182739
6786,recon_00006.tiff,112526,1,0.15710629522800446,0.020932413637638092,0.004946368746459484,0.002,0.9537537331581116,0.8428937196731567,0.15510629522800445,4,4,0.3122125755548477
6556,recon_00006.tiff,108812,2,0.8433223962783813,0.993843674659729,0.9394543766975403,0.995,0.9429051119089127,0.8433223962783813,0.15167760372161865,4,4,0.3083552074432373
8826,recon_00006.tiff,164170,2,0.8469074964523315,0.9743130207061768,0.8965604901313782,1.0,0.9294452518224716,0.8469074964523315,0.15309250354766846,4,4,0.3061850070953369
13872,recon_00006.tiff,270796,1,0.15703342854976654,0.031304873526096344,0.05969071015715599,0.031609523809523817,0.930090355744816,0.8429665565490723,0.1257285550236702,4,4,0.28276199847459793
6803,recon_00006.tiff,112760,2,0.8619564175605774,0.9892276525497437,0.9695985317230225,0.998,0.9546956504583359,0.8619564175605774,0.1360435824394226,4,4,0.2740871648788452
13839,recon_00006.tiff,270181,2,0.8604181408882141,0.991428792476654,0.8736065626144409,0.9910666666666667,0.929130040661494,0.8604181408882141,0.13101065158843994,4,4,0.27059251070022583
6806,recon_00006.tiff,112770,1,0.13286177814006805,0.06924327462911606,0.00174223561771214,0.006266666666666666,0.9474715110619862,0.8671382069587708,0.13111954252235591,4,4,0.26398133556358516
6735,recon_00006.tiff,111651,1,0.1269603967666626,0.009333351626992226,0.002367168664932251,0.0,0.9653347730636597,0.8730396032333374,0.1269603967666626,4,4,0.2539207935333252
3911,recon_00006.tiff,58073,1,0.1271248161792755,0.011758467182517052,0.003431759076192975,0.0006666666666666666,0.9642545907100042,0.8728752136230469,0.12645814951260884,4,4,0.25358293588956193
6684,recon_00006.tiff,110799,2,0.8744085431098938,0.9947446584701538,0.8901207447052002,0.9924857142857143,0.9379399151427406,0.8744085431098938,0.12033611536026001,4,4,0.2459275722503662
8353,recon_00006.tiff,151638,2,0.8782352209091187,0.9955768585205078,0.8959923386573792,1.0,0.9424511045217514,0.8782352209091187,0.12176477909088135,4,4,0.2435295581817627
7361,recon_00006.tiff,125956,2,0.8800534605979919,0.9972489476203918,0.9110538959503174,1.0,0.9470890760421753,0.8800534605979919,0.11994653940200806,4,4,0.2398930788040161
6797,recon_00006.tiff,112648,1,0.12141410261392593,0.01830126717686653,0.003133571008220315,0.005933333333333334,0.9628044245402019,0.8785858750343323,0.11828053160570562,4,4,0.23969465657137334
13781,recon_00006.tiff,269422,2,0.8827542662620544,0.9955867528915405,0.8988670706748962,1.0,0.9443020224571228,0.8827542662620544,0.11724573373794556,4,4,0.2344914674758911
3699,recon_00006.tiff,54823,1,0.05406796559691429,0.11686200648546219,0.0006966869696043432,0.0,0.9570933431386948,0.8831380009651184,0.11686200648546219,4,4,0.23372400552034378
8925,recon_00006.tiff,166362,2,0.9000543355941772,0.9871277809143066,0.885652482509613,0.9635333333333335,0.9340919830878576,0.885652482509613,0.1014752984046936,4,4,0.21582281589508057
6652,recon_00006.tiff,110346,2,0.9297387599945068,0.998734176158905,0.8923642635345459,1.0,0.9552092999219894,0.8923642635345459,0.1076357364654541,4,4,0.2152714729309082
7397,recon_00006.tiff,127251,2,0.8971149325370789,0.997139573097229,0.9158133864402771,1.0,0.9525169730186462,0.8971149325370789,0.10288506746292114,4,4,0.20577013492584229
8738,recon_00006.tiff,161489,2,0.9095495343208313,0.9961113333702087,0.8996555805206299,0.9203571428571428,0.9314183977672031,0.8996555805206299,0.09645575284957886,4,4,0.19680017232894897
6531,recon_00006.tiff,108437,2,0.9119089245796204,0.9949336647987366,0.905045211315155,0.9949,0.951696950173378,0.905045211315155,0.08988845348358154,4,4,0.1848432421684265
5362,recon_00006.tiff,83700,1,0.09071800112724304,0.009277028031647205,0.06877501308917999,0.001,0.9575574812889099,0.9092819690704346,0.08971800112724304,4,4,0.18043603205680847
8926,recon_00006.tiff,166363,2,0.9236117601394653,0.9954068660736084,0.9084547162055969,0.9351000000000002,0.9406433356046677,0.9084547162055969,0.08695214986801147,4,4,0.17849743366241455
3713,recon_00006.tiff,55013,1,0.08038101345300674,0.06658049672842026,0.10931698977947235,0.06093333333333334,0.9206970379511515,0.8906829953193665,0.04838365644613901,4,4,0.15770066112677256
6785,recon_00006.tiff,112525,1,0.07339586317539215,0.0029646549373865128,0.004327869974076748,0.006133333333333333,0.9782945624272028,0.926604151725769,0.07043120823800564,4,4,0.1438270565122366
3733,recon_00006.tiff,55315,1,0.05778055265545845,0.07038340717554092,0.0008648385410197079,0.0474952380952381,0.9558689762876147,0.9296165704727173,0.06951856863452122,4,4,0.13990199816180393
6814,recon_00006.tiff,112847,1,0.04887927696108818,0.06878668069839478,0.0014877631328999996,0.0058095238095238096,0.9687591845421564,0.9312133193016052,0.06729891756549478,4,4,0.13608559826388955
7020,recon_00006.tiff,116616,1,0.05552973970770836,0.08257823437452316,0.04886744171380997,0.046400000000000004,0.941656145119667,0.9174217581748962,0.03617823437452316,4,4,0.11875647619962693
3927,recon_00006.tiff,58290,1,0.05586264654994011,0.05226381495594978,0.04646293446421623,0.0,0.9613526463508606,0.9441373348236084,0.05586264654994011,4,4,0.11172531172633171
7019,recon_00006.tiff,116615,1,0.03826262056827545,0.06367263197898865,0.041554272174835205,0.02206666666666666,0.9586109484275183,0.936327338218689,0.04160596531232198,4,4,0.10527862709363302
13469,recon_00006.tiff,264927,1,0.04416524991393089,0.010510855354368687,0.0011913508642464876,0.014042857142857145,0.9825224124261311,0.9558347463607788,0.042973899049684405,4,4,0.0871391526889056
5821,recon_00006.tiff,91631,1,0.02488905005156994,0.0021939249709248543,0.0005328742554411292,0.03493333333333333,0.9843627053658167,0.9650666666666666,0.0344004590778922,4,4,0.06933379241122557
6469,recon_00006.tiff,107457,1,0.000297876336844638,0.019463708624243736,1.6459500329801813e-05,0.02706666666666666,0.9882888151248296,0.9729333333333333,0.027050207166336857,4,4,0.05411687383300354
6040,recon_00006.tiff,95924,1,0.028675470501184464,0.01694306917488575,0.01588437333703041,0.0056,0.9832242517232894,0.9713245034217834,0.023075470501184463,4,4,0.051750967079401015
7051,recon_00006.tiff,117078,1,0.009796307422220707,0.0024071738589555025,0.01397990994155407,0.0016,0.9930541434049607,0.9860200881958008,0.012379909941554069,4,4,0.026359821745753288
5874,recon_00006.tiff,92525,1,0.004351206589490175,0.0002488881873432547,0.0005515468656085432,0.012166666666666666,0.9956704259713491,0.9878333333333333,0.011917778479323411,4,4,0.02408444514599007
7066,recon_00006.tiff,117297,1,0.0031884508207440376,0.00032798710162751377,0.00015418669499922544,0.010166666666666668,0.9965406751235326,0.9898333333333333,0.010012479971667442,4,4,0.0201791466383341
6324,recon_00006.tiff,103918,1,0.002245336538180709,0.00042135431431233883,0.009798869490623474,0.0016,0.9964836158514023,0.9902011156082153,0.009377515176311135,4,4,0.019176399568095803
7075,recon_00006.tiff,117517,1,0.0026417041663080454,0.002907608402892947,0.00018579866446089,0.008376190476190476,0.9964721775520415,0.9916238095238096,0.008190391811729586,4,4,0.01656658228792001
