folder,filename,image_index,downsample_factor,trim_percent,trim_lo,trim_hi,mu_1,hard_mean_1,median_1,mode_1,sigma_1,weight_1,n_class_1,mu_2,hard_mean_2,median_2,mode_2,sigma_2,weight_2,n_class_2,n_valid_pixels,n_sampled_pixels,n_fit_pixels,converged,n_iter
tomo_sample_2_051_rec,recon_00000.tiff,0,100,0.5,-0.000490043203754,0.000758275004628,-5.6239261657e-05,-5.63001718766e-05,-5.45808943571e-05,-5.96359099192e-05,6.85596052895e-05,0.355159643704,28845,0.000381325222247,0.000381355795397,0.00037895256537,0.000381711722808,7.59444898615e-05,0.644840356296,52373,8204093,82040,81218,True,7
tomo_sample_2_051_rec,recon_00001.tiff,1,100,0.5,-0.000453943105822,0.000786856261257,-5.50202678745e-05,-5.5061317512e-05,-5.28018681507e-05,-4.73058353903e-05,6.72436567481e-05,0.35670857242,28973,0.000382853477343,0.000382891689704,0.00037977824104,0.000369611760573,7.68915826381e-05,0.64329142758,52245,8204093,82040,81218,True,7
tomo_sample_2_051_rec,recon_00002.tiff,2,100,0.5,-0.000470896103216,0.00077716856671,-5.5766556513e-05,-5.58091758216e-05,-5.37666164746e-05,-5.27598193432e-05,6.85971140031e-05,0.35419592284,28769,0.000382310533552,0.000382349910253,0.000379228178645,0.000385694759176,7.68077959937e-05,0.64580407716,52449,8204093,82040,81218,True,7
tomo_sample_2_051_rec,recon_00003.tiff,3,100,0.5,-0.000461516412761,0.000787817310775,-5.65500607144e-05,-5.65953818718e-05,-5.49200958631e-05,-6.44379582746e-05,6.75316521063e-05,0.357503886176,29037,0.000382003360813,0.000382039080846,0.000378583354177,0.000379943435479,7.72950724503e-05,0.642496113824,52181,8204093,82040,81218,True,7
tomo_sample_2_051_rec,recon_00004.tiff,4,100,0.5,-0.000442105890106,0.00077330544882,-5.54015724958e-05,-5.54495622836e-05,-5.40768232895e-05,-6.02217134644e-05,6.72514595976e-05,0.354269664681,28775,0.000381590450689,0.000381632834157,0.000378980301321,0.00036901461585,7.73810858863e-05,0.645730335319,52443,8204093,82040,81218,True,7
tomo_sample_2_051_rec,recon_00005.tiff,5,100,0.5,-0.00045752001286,0.000774822404783,-5.56544138688e-05,-5.56808997741e-05,-5.39035154361e-05,-3.94656489747e-05,6.73343616028e-05,0.351419080708,28546,0.000382082510049,0.00038213380585,0.00037941672781,0.000376996760844,7.65282623547e-05,0.648580919292,52672,8204093,82040,81218,True,7
tomo_sample_2_051_rec,recon_00006.tiff,6,100,0.5,-0.000478122218046,0.000785637257795,-5.67235341656e-05,-5.6805795177e-05,-5.50431977899e-05,-3.35335725781e-05,6.90659196214e-05,0.355637667127,28881,0.000382006960588,0.000382025696777,0.000379111530492,0.000357169765357,7.68700870233e-05,0.644362332873,52337,8204093,82040,81218,True,7
tomo_sample_2_051_rec,recon_00007.tiff,7,100,0.5,-0.000463656591164,0.000773081948864,-5.62610986306e-05,-5.63005464216e-05,-5.48235111637e-05,-4.91342584962e-05,6.69566778231e-05,0.351659099814,28563,0.000382151919045,0.00038218956395,0.000379517092369,0.000379975540214,7.67704128992e-05,0.648340900186,52655,8204093,82040,81218,True,7
tomo_sample_2_051_rec,recon_00008.tiff,8,100,0.5,-0.000474137340789,0.00076080132596,-5.58689067415e-05,-5.59254790085e-05,-5.38913300261e-05,-5.88539629618e-05,6.85043796523e-05,0.352824382106,28656,0.000381987271655,0.000382020690831,0.00037901198084,0.000365124870566,7.62758323936e-05,0.647175617894,52562,8204093,82040,81218,True,7
tomo_sample_2_051_rec,recon_00009.tiff,9,100,0.5,-0.000476239894051,0.000764877427719,-5.61311484798e-05,-5.61805282096e-05,-5.40170331078e-05,-3.47790505373e-05,6.8828899644e-05,0.354685372241,28808,0.000382226023094,0.000382262896445,0.000379793505999,0.000367768228065,7.65588192243e-05,0.645314627759,52410,8204093,82040,81218,True,6
tomo_sample_2_051_rec,recon_00100.tiff,100,100,0.5,-0.000473540746025,0.000783530798217,-5.50670814199e-05,-5.51231647157e-05,-5.24642673554e-05,-4.67699684125e-05,6.90425332348e-05,0.354311912323,28779,0.000381775183905,0.000381826748361,0.000378875032766,0.000362595757598,7.87138365557e-05,0.645688087677,52439,8204093,82040,81218,True,7
tomo_sample_2_051_rec,recon_00101.tiff,101,100,0.5,-0.000500301709108,0.000773552429164,-5.59168335013e-05,-5.59892282188e-05,-5.39000902791e-05,-6.16712182762e-05,7.12837489813e-05,0.356771234059,28977,0.00038104950398,0.000381095965878,0.000377755757654,0.000363025439856,7.88248617835e-05,0.643228765941,52241,8204093,82040,81218,True,7
tomo_sample_2_051_rec,recon_00102.tiff,102,100,0.5,-0.0004772764066,0.000785121843219,-5.55144681141e-05,-5.56361497599e-05,-5.34567843715e-05,-4.49875572714e-05,7.02468287374e-05,0.355053434887,28831,0.000381497746756,0.00038151691522,0.000378495285986,0.000385179354618,7.92420633653e-05,0.644946565113,52387,8204093,82040,81218,True,7
tomo_sample_2_051_rec,recon_00103.tiff,103,100,0.5,-0.0004809546264,0.000803336056415,-5.59776542593e-05,-5.60062959784e-05,-5.36162624485e-05,-5.5901166172e-05,6.96086142119e-05,0.35725520649,29023,0.000382482971812,0.000382561453022,0.000378640805138,0.000367838669533,8.10118140405e-05,0.64274479351,52195,8204093,82040,81218,True,7
tomo_sample_2_051_rec,recon_00104.tiff,104,100,0.5,-0.000516797605669,0.000792540295224,-5.50448933561e-05,-5.50712035632e-05,-5.33132115379e-05,-6.58718869452e-05,7.08256994563e-05,0.356730798342,28982,0.000381604779401,0.000381694927403,0.000377966323867,0.000369346189393,8.0413908051e-05,0.643269201658,52236,8204092,82040,81218,True,7
tomo_sample_2_051_rec,recon_00105.tiff,105,100,0.5,-0.000510846066463,0.00078481771081,-5.57557277916e-05,-5.58173714306e-05,-5.37766900379e-05,-4.00900995103e-05,7.17243796747e-05,0.353242309245,28693,0.000381949304559,0.00038201102968,0.000378631491913,0.000361209466871,7.94480379341e-05,0.646757690755,52525,8204093,82040,81218,True,7
tomo_sample_2_051_rec,recon_00106.tiff,106,100,0.5,-0.000514077055268,0.00076949899958,-5.48728254638e-05,-5.49495379675e-05,-5.31414225406e-05,-5.25259522277e-05,7.11424666693e-05,0.356945279807,28992,0.000380901277453,0.000380957365354,0.000377665099222,0.000388245101563,7.92834859649e-05,0.643054720193,52226,8204093,82040,81218,True,7
tomo_sample_2_051_rec,recon_00107.tiff,107,100,0.5,-0.000477123351884,0.00079383030039,-5.44922261484e-05,-5.45376816993e-05,-5.28579985257e-05,-4.02307653144e-05,7.0382815496e-05,0.354289196411,28781,0.000381637930068,0.000381715610741,0.000377879827283,0.000377241160629,8.02902657967e-05,0.645710803589,52437,8204092,82040,81218,True,8
tomo_sample_2_051_rec,recon_00108.tiff,108,100,0.5,-0.000484187339025,0.000792101420229,-5.54465877745e-05,-5.55163402621e-05,-5.39087450306e-05,-6.361455176e-05,7.04786141478e-05,0.353568241137,28719,0.000381058579759,0.000381120804292,0.000377380813006,0.000369192643642,8.03670827104e-05,0.646431758863,52499,8204093,82040,81218,True,7
tomo_sample_2_051_rec,recon_00109.tiff,109,100,0.5,-0.000498047510628,0.000782967395498,-5.47363305441e-05,-5.48186510411e-05,-5.25948053109e-05,-4.62040519752e-05,7.09124400924e-05,0.356297752832,28939,0.000381801479031,0.000381857143739,0.000378744356567,0.000398375345767,7.993859621e-05,0.643702247168,52279,8204093,82040,81218,True,8
tomo_sample_2_051_rec,recon_00200.tiff,200,100,0.5,-0.000551859298139,0.000814610469679,-5.63774482466e-05,-5.64460295527e-05,-5.40651999472e-05,-5.46060859479e-05,6.70032599137e-05,0.357074640382,28997,0.000384010805122,0.000384016097243,0.000379683624487,0.000375909151824,7.5756117524e-05,0.642925359618,52221,8204093,82040,81218,True,7
tomo_sample_2_051_rec,recon_00201.tiff,201,100,0.5,-0.000518566468672,0.000828532300366,-5.66289874036e-05,-5.6700189792e-05,-5.35777107871e-05,-4.58582715602e-05,6.74869421762e-05,0.360826303262,29301,0.000385049880447,0.000385051010843,0.000380532961572,0.000359143436343,7.63469864625e-05,0.639173696738,51917,8204092,82040,81218,True,6
tomo_sample_2_051_rec,recon_00202.tiff,202,100,0.5,-0.000524008756038,0.000815232961322,-5.66307219533e-05,-5.6647579444e-05,-5.43971691513e-05,-6.34292829411e-05,6.67247284892e-05,0.358448280707,29116,0.000384506149688,0.000384545606375,0.000379996854463,0.000383267064021,7.59724959644e-05,0.641551719293,52102,8204093,82040,81218,True,7
tomo_sample_2_051_rec,recon_00203.tiff,203,100,0.5,-0.000567641860398,0.000822776643618,-5.7526465542e-05,-5.76254238173e-05,-5.44970298506e-05,-5.10003304774e-05,6.91213885128e-05,0.362757401535,29454,0.000385609899288,0.000385594034881,0.000381214675144,0.000388587275995,7.58116457972e-05,0.637242598465,51764,8204093,82040,81218,True,6
tomo_sample_2_051_rec,recon_00204.tiff,204,100,0.5,-0.00052574218862,0.000811701922503,-5.61059838127e-05,-5.61802172063e-05,-5.41603058082e-05,-6.06742903563e-05,6.67370639426e-05,0.358774227994,29134,0.000384508395983,0.000384508253523,0.00037946140219,0.000369019917535,7.52770098306e-05,0.641225772006,52084,8204093,82040,81218,True,7
tomo_sample_2_051_rec,recon_00205.tiff,205,100,0.5,-0.000557277634798,0.000806776175159,-5.74454270615e-05,-5.74787860483e-05,-5.49858850718e-05,-6.13715262585e-05,6.82408241407e-05,0.356353218256,28943,0.000384374685265,0.000384399107872,0.00037966738455,0.000392820195839,7.53840473601e-05,0.643646781744,52275,8204093,82040,81218,True,6
tomo_sample_2_051_rec,recon_00206.tiff,206,100,0.5,-0.000597646106326,0.000809448436194,-5.83887509069e-05,-5.84512333526e-05,-5.53102108825e-05,-5.88973540354e-05,7.12057260452e-05,0.359879916764,29226,0.000384261531839,0.000384273436927,0.000379756063921,0.00037752297241,7.49956960146e-05,0.640120083236,51992,8204093,82040,81218,True,6
tomo_sample_2_051_rec,recon_00207.tiff,207,100,0.5,-0.000555464098288,0.000798061572132,-5.75382613843e-05,-5.76180688166e-05,-5.55664446438e-05,-5.81899107885e-05,6.85132333522e-05,0.356061597953,28913,0.000384431194607,0.000384427899366,0.000380369281629,0.000379823284982,7.45249946157e-05,0.643938402047,52305,8204093,82040,81218,True,6
tomo_sample_2_051_rec,recon_00208.tiff,208,100,0.5,-0.00054131016368,0.000790024967864,-5.77675967225e-05,-5.78069916992e-05,-5.53569771e-05,-5.83133016574e-05,6.69578953592e-05,0.355775956152,28895,0.000385098208602,0.000385116480324,0.000380744430004,0.000376029207333,7.46743637187e-05,0.644224043848,52323,8204093,82040,81218,True,6
tomo_sample_2_051_rec,recon_00209.tiff,209,100,0.5,-0.000497756336699,0.000828961033549,-5.71089313241e-05,-5.712747554e-05,-5.5439728385e-05,-6.43930932122e-05,6.52594763482e-05,0.358728799646,29138,0.000384028683124,0.000384062473452,0.000379650242394,0.000389556175503,7.54658770234e-05,0.641271200354,52080,8204093,82040,81218,True,7
tomo_sample_2_051_rec,recon_00300.tiff,300,100,0.5,-0.000508690155402,0.00081600877631,-5.34330908265e-05,-5.34788058445e-05,-5.13448994752e-05,-5.48946449612e-05,7.1613094968e-05,0.360792686329,29312,0.000379146011777,0.00037924799612,0.000375495903427,0.000378476510479,8.1749682732e-05,0.639207313671,51906,8204093,82040,81218,True,8
tomo_sample_2_051_rec,recon_00301.tiff,301,100,0.5,-0.000534080147918,0.000837707664177,-5.34800055249e-05,-5.35060333842e-05,-5.10403388034e-05,-6.91299398512e-05,7.36906548564e-05,0.363692032752,29554,0.00037878626922,0.000378932187586,0.000374287687009,0.000371812614137,8.34633724554e-05,0.636307967248,51664,8204093,82040,81218,True,8
tomo_sample_2_051_rec,recon_00302.tiff,302,100,0.5,-0.000557270575082,0.00082426024077,-5.3664433399e-05,-5.38361715942e-05,-5.10070785822e-05,-5.04688118484e-05,7.50269221757e-05,0.361066159529,29319,0.000378158134863,0.000378204637657,0.000374417664716,0.000389016320017,8.18130970194e-05,0.638933840471,51899,8204093,82040,81218,True,8
tomo_sample_2_051_rec,recon_00303.tiff,303,100,0.5,-0.000517803929688,0.0008229248313,-5.31035800259e-05,-5.31885862694e-05,-5.14242783538e-05,-4.57664560012e-05,7.16585043471e-05,0.364185642394,29583,0.000378247269939,0.000378334153392,0.000374316645321,0.000374128844873,8.22992929397e-05,0.635814357606,51635,8204093,82040,81218,True,8
tomo_sample_2_051_rec,recon_00304.tiff,304,100,0.5,-0.00054580498836,0.000816053934104,-5.40686400519e-05,-5.4197831709e-05,-5.12176848133e-05,-4.92455897169e-05,7.43566095417e-05,0.362165810474,29413,0.000378901996455,0.000378963789807,0.000375021627406,0.000383501714044,8.21449355615e-05,0.637834189526,51805,8204093,82040,81218,True,8
tomo_sample_2_051_rec,recon_00305.tiff,305,100,0.5,-0.000527347655152,0.000810449556739,-5.40734757894e-05,-5.419057586e-05,-5.1316781537e-05,-6.72460606392e-05,7.3349760866e-05,0.359411377909,29190,0.000378759541836,0.000378819638869,0.000375472722226,0.00037497478927,8.12202189233e-05,0.640588622091,52028,8204093,82040,81218,True,8
tomo_sample_2_051_rec,recon_00306.tiff,306,100,0.5,-0.000555101413338,0.000819657657412,-5.41344108751e-05,-5.42594359877e-05,-5.13605846209e-05,-4.37854782284e-05,7.42199250892e-05,0.362622571579,29450,0.000378660966516,0.000378719717953,0.000374554088921,0.000368572636604,8.15923629072e-05,0.637377428421,51768,8204093,82040,81218,True,7
tomo_sample_2_051_rec,recon_00307.tiff,307,100,0.5,-0.000562757382868,0.000795305683278,-5.49121199742e-05,-5.51138222714e-05,-5.17334992765e-05,-4.66512531728e-05,7.55578401547e-05,0.360459207902,29264,0.000378243559856,0.000378258992691,0.000374632742023,0.000374486337651,8.09754078143e-05,0.639540792098,51954,8204093,82040,81218,True,8
tomo_sample_2_051_rec,recon_00308.tiff,308,100,0.5,-0.000541121339775,0.000814051285561,-5.3538030451e-05,-5.36440431742e-05,-5.14778384968e-05,-6.62813657229e-05,7.33533173446e-05,0.358159605522,29092,0.000378038940469,0.000378122888989,0.000373955859686,0.000369975956042,8.22427967901e-05,0.641840394478,52126,8204093,82040,81218,True,8
tomo_sample_2_051_rec,recon_00309.tiff,309,100,0.5,-0.000527539983159,0.000813021860959,-5.38253015814e-05,-5.38999092216e-05,-5.16388427059e-05,-6.16652676172e-05,7.19397897349e-05,0.360873583871,29315,0.000378149669606,0.000378238159792,0.000374128489057,0.000374921694114,8.20672602017e-05,0.639126416129,51903,8204093,82040,81218,True,8
tomo_sample_2_051_rec,recon_00400.tiff,400,100,0.5,-0.000534062181541,0.000809042544861,-5.35544966657e-05,-5.36046395909e-05,-5.12905717187e-05,-5.98212725766e-05,7.2576842359e-05,0.358078818286,29090,0.000378624012158,0.000378714626914,0.000374709270545,0.000369064674303,8.02170735333e-05,0.641921181714,52128,8204093,82040,81218,True,7
tomo_sample_2_051_rec,recon_00401.tiff,401,100,0.5,-0.000550931045727,0.000826868172735,-5.38656675309e-05,-5.39285775544e-05,-5.12624901603e-05,-4.05101201733e-05,7.21658737101e-05,0.359465330173,29201,0.000378754196104,0.000378838954552,0.000374268420273,0.00035747923866,8.15876898883e-05,0.640534669827,52017,8204093,82040,81218,True,7
tomo_sample_2_051_rec,recon_00402.tiff,402,100,0.5,-0.000580022493086,0.000829856820928,-5.42078900946e-05,-5.42488935221e-05,-5.17696480529e-05,-4.8662711668e-05,7.37793910722e-05,0.356716038678,28982,0.000378875487557,0.000378983109437,0.000374913579435,0.000376263111227,8.19499217273e-05,0.643283961322,52236,8204093,82040,81218,True,7
tomo_sample_2_051_rec,recon_00403.tiff,403,100,0.5,-0.000523290022975,0.000839728633582,-5.40690440533e-05,-5.40812936132e-05,-5.15933043062e-05,-4.45881015392e-05,7.16339384642e-05,0.360853510872,29322,0.000378580799257,0.000378706100175,0.000374577473849,0.000376974241975,8.19402605907e-05,0.639146489128,51896,8204093,82040,81218,True,8
tomo_sample_2_051_rec,recon_00404.tiff,404,100,0.5,-0.000530340970727,0.00084102657187,-5.46742758079e-05,-5.47098039697e-05,-5.2472056268e-05,-4.99796541468e-05,7.22548737573e-05,0.357908063829,29079,0.000378744733661,0.000378851191288,0.000374623748939,0.000370484290277,8.16829354102e-05,0.642091936171,52139,8204093,82040,81218,True,8
tomo_sample_2_051_rec,recon_00405.tiff,405,100,0.5,-0.000553587965551,0.000830513648107,-5.50787647808e-05,-5.51476906241e-05,-5.28004948137e-05,-5.62117385453e-05,7.31989170333e-05,0.355805084356,28904,0.000379161379018,0.000379251113331,0.000374604089302,0.000362026592479,8.21856629765e-05,0.644194915644,52314,8204093,82040,81218,True,8
tomo_sample_2_051_rec,recon_00406.tiff,406,100,0.5,-0.000524312541238,0.000836582227494,-5.43051491125e-05,-5.42898021193e-05,-5.2029179642e-05,-6.2116832224e-05,7.08743639487e-05,0.358333360628,29120,0.000378392923043,0.000378524550401,0.000374108058168,0.000369360821202,8.23053121346e-05,0.641666639372,52098,8204093,82040,81218,True,7
tomo_sample_2_051_rec,recon_00407.tiff,407,100,0.5,-0.000485231334169,0.00080364247231,-5.20894481119e-05,-5.20517082398e-05,-5.03413757542e-05,-4.92769444502e-05,6.91384896986e-05,0.355318296416,28877,0.000379029666532,0.000379163354797,0.00037543248618,0.000377846235886,8.00560538831e-05,0.644681703584,52341,8204093,82040,81218,True,7
tomo_sample_2_051_rec,recon_00408.tiff,408,100,0.5,-0.000565852427098,0.000821213771706,-5.43430975871e-05,-5.45009659902e-05,-5.18908564118e-05,-4.93282379289e-05,7.37322672945e-05,0.354876393661,28816,0.000378472499186,0.000378506855697,0.000374328330508,0.000361910474815,8.16027118962e-05,0.645123606339,52402,8204093,82040,81218,True,8
tomo_sample_2_051_rec,recon_00409.tiff,409,100,0.5,-0.000533180222847,0.000833184107614,-5.38851488172e-05,-5.39527699054e-05,-5.11844809807e-05,-3.71035106087e-05,7.16682762815e-05,0.357955261635,29077,0.000378868994191,0.000378944795763,0.000375161966076,0.000382266749512,8.10899881437e-05,0.642044738365,52141,8204092,82040,81218,True,7
tomo_sample_2_051_rec,recon_00500.tiff,500,100,0.5,-0.000573341443378,0.000842941500014,-5.67400808908e-05,-5.67804582976e-05,-5.35712988494e-05,-4.82346877956e-05,7.1003069462e-05,0.359403019721,29192,0.000382748146155,0.000382787743863,0.000377324002329,0.000374339688942,7.81363945402e-05,0.640596980279,52026,8204093,82040,81218,True,7
tomo_sample_2_051_rec,recon_00501.tiff,501,100,0.5,-0.000627013983612,0.000845035014499,-5.64643413545e-05,-5.66154286063e-05,-5.2477556892e-05,-4.88364831345e-05,7.3630343748e-05,0.362287375672,29412,0.000383341704179,0.000383323433734,0.000378425145755,0.000372098643321,7.80915154426e-05,0.637712624328,51806,8204093,82040,81218,True,6
tomo_sample_2_051_rec,recon_00502.tiff,502,100,0.5,-0.00058882958605,0.000839431839995,-5.56043717646e-05,-5.56641025652e-05,-5.25872746948e-05,-3.50342841206e-05,7.16105796587e-05,0.359423228655,29192,0.000383216955243,0.000383253542467,0.000378467244445,0.000394049260168,7.90806365348e-05,0.640576771345,52026,8204093,82040,81218,True,7
tomo_sample_2_051_rec,recon_00503.tiff,503,100,0.5,-0.000574085300614,0.000838069705933,-5.63960000887e-05,-5.64879963485e-05,-5.295304436e-05,-4.66562279172e-05,7.17699705511e-05,0.363726331065,29537,0.000383630707166,0.000383648162604,0.000378347409423,0.000366157544497,7.94837106261e-05,0.636273668935,51681,8204093,82040,81218,True,7
tomo_sample_2_051_rec,recon_00504.tiff,504,100,0.5,-0.000583522124507,0.000854178586742,-5.617657378e-05,-5.62708981417e-05,-5.28958589712e-05,-6.36750599175e-05,7.1620044077e-05,0.3600879044,29241,0.000383724716026,0.000383738684705,0.00037831850932,0.00037347045322,7.95782357803e-05,0.6399120956,51977,8204093,82040,81218,True,7
tomo_sample_2_051_rec,recon_00505.tiff,505,100,0.5,-0.000557893033547,0.000839368345914,-5.68093454175e-05,-5.68417073749e-05,-5.37900814379e-05,-6.54977246825e-05,7.03715295032e-05,0.356307254767,28942,0.000383028207079,0.000383075045199,0.000378316064598,0.00038514182557,7.83377587649e-05,0.643692745233,52276,8204093,82040,81218,True,7
tomo_sample_2_051_rec,recon_00506.tiff,506,100,0.5,-0.000648147860775,0.00085600908933,-5.71263942161e-05,-5.72771267337e-05,-5.34004102519e-05,-5.39849338105e-05,7.47242749813e-05,0.360544471611,29271,0.000382734542112,0.000382720399327,0.000377406337066,0.000366961832019,7.91053889015e-05,0.639455528389,51947,8204093,82040,81218,True,6
tomo_sample_2_051_rec,recon_00507.tiff,507,100,0.5,-0.000605534809292,0.000842434452206,-5.63405326516e-05,-5.63951455523e-05,-5.30334236828e-05,-4.44294830762e-05,7.24346663697e-05,0.357461165431,29034,0.000382922100198,0.000382966955947,0.000377810181817,0.000370976646256,7.90328259359e-05,0.642538834569,52184,8204093,82040,81218,True,7
tomo_sample_2_051_rec,recon_00508.tiff,508,100,0.5,-0.000623463538359,0.000833144088683,-5.66654879894e-05,-5.67801540271e-05,-5.22632981301e-05,-6.45120531955e-05,7.5098559569e-05,0.356818792367,28974,0.000383615477574,0.000383627589949,0.000378423355869,0.000367992766384,7.88893855537e-05,0.643181207633,52244,8204093,82040,81218,True,7
tomo_sample_2_051_rec,recon_00509.tiff,509,100,0.5,-0.000603539256263,0.000827655809699,-5.66056924497e-05,-5.66676316815e-05,-5.29801363882e-05,-5.65574476962e-05,7.18352370269e-05,0.360590272515,29286,0.000383118315689,0.00038314968242,0.000378409371478,0.000373620876423,7.84009650455e-05,0.639409727485,51932,8204093,82040,81218,True,7
tomo_sample_2_051_rec,recon_00600.tiff,600,100,0.5,-0.000624911888153,0.000837203573319,-5.51459067628e-05,-5.53720970835e-05,-5.14078128617e-05,-6.51266275008e-05,7.63942831157e-05,0.364530066339,29589,0.00037905434171,0.000379037614479,0.000373847957235,0.000383283640594,8.10001077888e-05,0.635469933661,51629,8204093,82040,81218,True,7
tomo_sample_2_051_rec,recon_00601.tiff,601,100,0.5,-0.000580424603249,0.000839115554409,-5.40962912359e-05,-5.41329745924e-05,-5.09578640049e-05,-3.81303336523e-05,7.29672189574e-05,0.36535277087,29683,0.000378851176367,0.000378954456006,0.000373371178284,0.000372147145085,8.23573150777e-05,0.63464722913,51535,8204093,82040,81218,True,7
tomo_sample_2_051_rec,recon_00602.tiff,602,100,0.5,-0.000626372602419,0.000859681513102,-5.57670571004e-05,-5.59230292544e-05,-5.14279199706e-05,-4.11013638484e-05,7.7026389146e-05,0.364126131869,29567,0.000378781090076,0.000378814879774,0.000373226066586,0.000384193588981,8.24461842877e-05,0.635873868131,51651,8204093,82040,81218,True,7
tomo_sample_2_051_rec,recon_00603.tiff,603,100,0.5,-0.000641008421662,0.000842895004316,-5.5288904161e-05,-5.54703533524e-05,-5.17291264259e-05,-6.18600558909e-05,7.71734442499e-05,0.368654044499,29931,0.000378348564855,0.000378366996994,0.000372666836483,0.000351516826179,8.16974270665e-05,0.631345955501,51287,8204093,82040,81218,True,7
tomo_sample_2_051_rec,recon_00604.tiff,604,100,0.5,-0.000681517693738,0.000856358310266,-5.65353900846e-05,-5.6803318002e-05,-5.1729630286e-05,-5.47814729208e-05,7.97319561647e-05,0.366551058431,29750,0.000378680829424,0.000378661979515,0.000373067799956,0.00035307124628,8.29219779865e-05,0.633448941569,51468,8204093,82040,81218,True,7
tomo_sample_2_051_rec,recon_00605.tiff,605,100,0.5,-0.00064213216363,0.000858103138744,-5.53421383816e-05,-5.54806278625e-05,-5.09327383043e-05,-5.95000360887e-05,7.76059428911e-05,0.362231850918,29416,0.000379547078879,0.000379594268333,0.000374200477381,0.000382121865743,8.24050786443e-05,0.637768149082,51802,8204093,82040,81218,True,6
tomo_sample_2_051_rec,recon_00606.tiff,606,100,0.5,-0.000616179121425,0.000854915691016,-5.55453506088e-05,-5.55984506593e-05,-5.16495274496e-05,-5.0116051269e-05,7.63422360991e-05,0.365902468306,29727,0.000379710674737,0.000379818535174,0.000374147930415,0.000370478464908,8.39446317657e-05,0.634097531694,51491,8204093,82040,81218,True,7
tomo_sample_2_051_rec,recon_00607.tiff,607,100,0.5,-0.000635618515953,0.000845752058667,-5.5294525696e-05,-5.54361147061e-05,-5.13526993018e-05,-4.68239873112e-05,7.79443340383e-05,0.364681311383,29616,0.000378857559956,0.000378916217429,0.000373568123905,0.000363676399061,8.25373344315e-05,0.635318688617,51602,8204093,82040,81218,True,7
tomo_sample_2_051_rec,recon_00608.tiff,608,100,0.5,-0.000598939441261,0.000865244653542,-5.56123992187e-05,-5.5699621344e-05,-5.22855661984e-05,-6.5392501408e-05,7.32584624178e-05,0.361808723658,29387,0.000378115942459,0.000378178944105,0.000372774316929,0.000349096320388,8.26749509263e-05,0.638191276342,51831,8204093,82040,81218,True,7
tomo_sample_2_051_rec,recon_00609.tiff,609,100,0.5,-0.000615101639414,0.000848276416655,-5.53199555876e-05,-5.54292152262e-05,-5.21618530911e-05,-5.30866619585e-05,7.35954146719e-05,0.36519757136,29659,0.000378699421008,0.000378748665643,0.00037362560397,0.000376188252288,8.24886661658e-05,0.63480242864,51559,8204093,82040,81218,True,7
tomo_sample_2_051_rec,recon_00700.tiff,700,100,0.5,-0.000613243560656,0.000862438711047,-5.64855640268e-05,-5.65345089118e-05,-5.31392288394e-05,-4.34410351673e-05,6.77868851672e-05,0.365497862277,29683,0.000385459394685,0.000385470388459,0.00037946284283,0.000377547854856,7.67941877107e-05,0.634502137723,51535,8204093,82040,81218,True,6
tomo_sample_2_051_rec,recon_00701.tiff,701,100,0.5,-0.000595983217063,0.000869791390141,-5.65381755063e-05,-5.65937647055e-05,-5.35938979738e-05,-3.8933432245e-05,6.83272702038e-05,0.367882471892,29876,0.000384620622737,0.000384629954162,0.000378959768568,0.000375515728219,7.65577730921e-05,0.632117528108,51342,8204093,82040,81218,True,6
tomo_sample_2_051_rec,recon_00702.tiff,702,100,0.5,-0.000600297071505,0.000874040348863,-5.7165590176e-05,-5.72347005e-05,-5.36243642273e-05,-5.31423945786e-05,6.83498106456e-05,0.366157958728,29734,0.000385470804574,0.000385471022767,0.000379219010938,0.000365104339319,7.72290304964e-05,0.633842041272,51484,8204093,82040,81218,True,6
tomo_sample_2_051_rec,recon_00703.tiff,703,100,0.5,-0.000592310976353,0.000889194131305,-5.65036721266e-05,-5.65268024142e-05,-5.33793790964e-05,-4.73611880962e-05,6.70461202029e-05,0.369555748005,30017,0.000386082419115,0.000386116909012,0.000379244069336,0.000365733740853,7.85005454894e-05,0.630444251995,51201,8204093,82040,81218,True,6
tomo_sample_2_051_rec,recon_00704.tiff,704,100,0.5,-0.000629561150854,0.000875232662074,-5.63814063572e-05,-5.64461112647e-05,-5.27781776327e-05,-4.28575118074e-05,7.08939474419e-05,0.36692416716,29798,0.000385205350265,0.000385218397243,0.00037912632979,0.000391378600725,7.73857329537e-05,0.63307583284,51420,8204093,82040,81218,True,6
tomo_sample_2_051_rec,recon_00705.tiff,705,100,0.5,-0.000660603984725,0.000902384633955,-5.76899223668e-05,-5.78043447242e-05,-5.36654570169e-05,-5.24838652197e-05,7.4386072014e-05,0.364317327758,29580,0.000384794870061,0.000384782225515,0.0003786253219,0.000365830604187,7.66842161679e-05,0.635682672242,51638,8204093,82040,81218,True,6
tomo_sample_2_051_rec,recon_00706.tiff,706,100,0.5,-0.000560911142966,0.000897445625742,-5.65083060512e-05,-5.65439198228e-05,-5.33545789949e-05,-3.66151738589e-05,6.69402428935e-05,0.366243462816,29746,0.000385283762709,0.000385308107309,0.000379133387469,0.000372285298508,7.77848563873e-05,0.633756537184,51472,8204093,82040,81218,True,6
tomo_sample_2_051_rec,recon_00707.tiff,707,100,0.5,-0.000639696134313,0.000881887091091,-5.72345989361e-05,-5.73245862068e-05,-5.36336247023e-05,-5.99420843997e-05,7.16014498548e-05,0.363690665878,29532,0.000385331538887,0.000385329623094,0.000378660246497,0.000369091179011,7.72405825101e-05,0.636309334122,51686,8204093,82040,81218,True,6
tomo_sample_2_051_rec,recon_00708.tiff,708,100,0.5,-0.000627600318403,0.000876053627871,-5.67378273203e-05,-5.67885235391e-05,-5.28083764948e-05,-5.25468674019e-05,7.04380766797e-05,0.363531537375,29524,0.000385083695719,0.000385101501306,0.000379363686079,0.00038319276901,7.7523868074e-05,0.636468462625,51694,8204093,82040,81218,True,6
tomo_sample_2_051_rec,recon_00709.tiff,709,100,0.5,-0.000616081581684,0.000922604711668,-5.70629660916e-05,-5.70532442656e-05,-5.39728680451e-05,-5.79261009016e-05,6.87392979958e-05,0.365577339832,29699,0.000385263159684,0.000385322288152,0.000378433265723,0.000381019233052,7.96359369581e-05,0.634422660168,51519,8204093,82040,81218,True,6
tomo_sample_2_051_rec,recon_00800.tiff,800,100,0.5,-0.000591249211575,0.000852126615355,-5.31610402978e-05,-5.33226812044e-05,-5.05367188453e-05,-5.76024629906e-05,7.38643410848e-05,0.364236656484,29576,0.000376013423349,0.000376051373622,0.000371514775907,0.000379431781816,8.18452214281e-05,0.635763343516,51642,8204093,82040,81218,True,7
tomo_sample_2_051_rec,recon_00801.tiff,801,100,0.5,-0.000597086467897,0.000840420686873,-5.43341063941e-05,-5.43815739585e-05,-5.13368213433e-05,-6.10830392939e-05,7.39127493069e-05,0.366757635395,29796,0.000376833102132,0.000376933373835,0.000371740912669,0.000352308629967,8.21614953976e-05,0.633242364605,51422,8204093,82040,81218,True,7
tomo_sample_2_051_rec,recon_00802.tiff,802,100,0.5,-0.000557239587361,0.00086329865444,-5.4352827618e-05,-5.44321769015e-05,-5.14800813107e-05,-5.21284543516e-05,7.3164324117e-05,0.362794310205,29469,0.000377329270748,0.000377404251694,0.000372498499928,0.000368005398762,8.21882802521e-05,0.637205689795,51749,8204093,82040,81218,True,7
tomo_sample_2_051_rec,recon_00803.tiff,803,100,0.5,-0.000573829567584,0.000844617968542,-5.30939713215e-05,-5.316346477e-05,-4.99502166349e-05,-5.05328824243e-05,7.27062089245e-05,0.366986506581,29811,0.000376709283479,0.000376792138508,0.000371847359929,0.000367455240161,8.15933802411e-05,0.633013493419,51407,8204093,82040,81218,True,7
tomo_sample_2_051_rec,recon_00804.tiff,804,100,0.5,-0.000595666473964,0.00084641249734,-5.30882113022e-05,-5.30986336905e-05,-5.05932475789e-05,-5.79616815997e-05,7.28138605596e-05,0.364526772356,29620,0.000376834785461,0.000376956290611,0.00037191066076,0.000380446331854,8.17711458291e-05,0.635473227644,51598,8204093,82040,81218,True,7
tomo_sample_2_051_rec,recon_00805.tiff,805,100,0.5,-0.0005964638351,0.000841618965496,-5.39114985937e-05,-5.40453772085e-05,-5.11464459123e-05,-3.61647240162e-05,7.35861828663e-05,0.361293332252,29339,0.0003763785539,0.000376416761148,0.000371715344954,0.000376078629634,8.14272539396e-05,0.638706667748,51879,8204091,82040,81218,True,7
tomo_sample_2_051_rec,recon_00806.tiff,806,100,0.5,-0.000603437167592,0.000843808562204,-5.36389027994e-05,-5.37126217615e-05,-5.08663906658e-05,-5.03387967541e-05,7.39577104775e-05,0.364495735673,29609,0.000376075718446,0.000376162852554,0.000370967813069,0.000344392474579,8.17411192042e-05,0.635504264327,51609,8204093,82040,81218,True,7
tomo_sample_2_051_rec,recon_00807.tiff,807,100,0.5,-0.000595873504935,0.000846060139011,-5.34581609709e-05,-5.35612331825e-05,-5.07022887177e-05,-6.30677366348e-05,7.36531223599e-05,0.362323387699,29428,0.000376710188892,0.000376775559794,0.000372143578716,0.000369649921503,8.12771009378e-05,0.637676612301,51790,8204093,82040,81218,True,7
tomo_sample_2_051_rec,recon_00808.tiff,808,100,0.5,-0.0005950717011,0.000836790984613,-5.2970389692e-05,-5.31319832326e-05,-5.01871072629e-05,-4.57600189306e-05,7.35959308944e-05,0.360351244676,29259,0.000376784376731,0.0003768091434,0.000372033100575,0.000383141384515,8.1164789947e-05,0.639648755324,51959,8204093,82040,81218,True,7
tomo_sample_2_051_rec,recon_00809.tiff,809,100,0.5,-0.000556904925907,0.00083500549692,-5.38498026109e-05,-5.39765358626e-05,-5.16265063197e-05,-5.83426973521e-05,7.13876653579e-05,0.363245549491,29497,0.000375956405051,0.000375986491631,0.000371253670892,0.000362170379817,8.05630818652e-05,0.636754450509,51721,8204093,82040,81218,True,7
tomo_sample_2_051_rec,recon_00900.tiff,900,100,0.5,-0.000619064224884,0.000874679982371,-5.5362028059e-05,-5.54036365747e-05,-5.28811870026e-05,-5.41206250608e-05,6.97757010719e-05,0.363897232009,29557,0.000381594979673,0.000381635656044,0.000375940609956,0.000394065381283,7.95771345485e-05,0.636102767991,51661,8204093,82040,81218,True,7
tomo_sample_2_051_rec,recon_00901.tiff,901,100,0.5,-0.000597411326307,0.000887575479283,-5.47428854092e-05,-5.47873324927e-05,-5.14067905897e-05,-4.35511375055e-05,6.9182328758e-05,0.365450827241,29683,0.000382272783518,0.000382313772765,0.000375737959985,0.000380795960392,8.12438898426e-05,0.634549172759,51535,8204093,82040,81218,True,7
tomo_sample_2_051_rec,recon_00902.tiff,902,100,0.5,-0.000588433669473,0.000854946660402,-5.53439706415e-05,-5.53756843031e-05,-5.25234554516e-05,-4.97869320563e-05,6.83207655928e-05,0.362610752451,29454,0.000381362689143,0.000381410092608,0.000375819799956,0.00037874527856,7.96032477676e-05,0.637389247549,51764,8204093,82040,81218,True,6
tomo_sample_2_051_rec,recon_00903.tiff,903,100,0.5,-0.000628471978416,0.000871231175552,-5.61262769714e-05,-5.62267774243e-05,-5.25396681041e-05,-5.0781295343e-05,7.30872971591e-05,0.368754865101,29944,0.000381702056008,0.000381713505119,0.000375658361008,0.000374553773647,7.97475669011e-05,0.631245134899,51274,8204091,82040,81218,True,6
tomo_sample_2_051_rec,recon_00904.tiff,904,100,0.5,-0.000671654416947,0.000888659086195,-5.61553904321e-05,-5.62301256047e-05,-5.19317836734e-05,-4.6160443272e-05,7.49889192845e-05,0.365404411352,29677,0.00038171265226,0.000381752154594,0.000375418370822,0.000368916712862,8.04550221191e-05,0.634595588648,51541,8204093,82040,81218,True,6
tomo_sample_2_051_rec,recon_00905.tiff,905,100,0.5,-0.000616687838628,0.000874146800488,-5.56212625814e-05,-5.56429905956e-05,-5.17255921295e-05,-4.86734555286e-05,7.34606120533e-05,0.362253820535,29428,0.000381889267593,0.000381956264249,0.000375736271963,0.000368768413123,7.98234268059e-05,0.637746179465,51790,8204093,82040,81218,True,6
tomo_sample_2_051_rec,recon_00906.tiff,906,100,0.5,-0.000624186814821,0.000864184507809,-5.45135843292e-05,-5.46077555905e-05,-5.09530964337e-05,-5.22926323645e-05,7.12157524905e-05,0.365598793229,29688,0.000382208254632,0.000382218415413,0.000376447525923,0.000381033953753,7.97686056989e-05,0.634401206771,51530,8204093,82040,81218,True,7
tomo_sample_2_051_rec,recon_00907.tiff,907,100,0.5,-0.000626629403851,0.000894746691338,-5.60069291235e-05,-5.61515450153e-05,-5.23119670106e-05,-6.02005843312e-05,7.17647516683e-05,0.361510286836,29349,0.000381650518557,0.000381629891335,0.000375128089217,0.000353619525529,8.09317520605e-05,0.638489713164,51869,8204093,82040,81218,True,7
tomo_sample_2_051_rec,recon_00908.tiff,908,100,0.5,-0.000637323115952,0.000863396901696,-5.58654176199e-05,-5.5941401319e-05,-5.20821213286e-05,-5.8348476452e-05,7.29257633821e-05,0.360611637568,29286,0.000381812795346,0.00038183747441,0.000376113472157,0.000373257166816,7.90814915107e-05,0.639388362432,51932,8204092,82040,81218,True,6
tomo_sample_2_051_rec,recon_00909.tiff,909,100,0.5,-0.000590095327934,0.00087926793989,-5.52515980576e-05,-5.52833253006e-05,-5.20513531228e-05,-5.37460167525e-05,6.96260499175e-05,0.363348481059,29514,0.000381142858867,0.000381191042756,0.000375547810108,0.000371139209605,7.96709363808e-05,0.636651518941,51704,8204093,82040,81218,True,7
tomo_sample_2_051_rec,recon_01000.tiff,1000,100,0.5,-0.000609479836712,0.000885089780786,-5.30518134944e-05,-5.31398292811e-05,-4.93391689815e-05,-6.3169962349e-05,7.5700377004e-05,0.364029071332,29572,0.000377210181554,0.000377312954476,0.000371950431145,0.000388077390729,8.33212936064e-05,0.635970928668,51646,8204093,82040,81218,True,7
tomo_sample_2_051_rec,recon_01001.tiff,1001,100,0.5,-0.000626647439494,0.000915756099566,-5.30988484332e-05,-5.31241855179e-05,-4.95837539347e-05,-4.62729636787e-05,7.51095498211e-05,0.365945866413,29738,0.000377685097478,0.000377838714452,0.000371646136045,0.000383377300521,8.55453485001e-05,0.634054133587,51480,8204093,82040,81218,True,7
tomo_sample_2_051_rec,recon_01002.tiff,1002,100,0.5,-0.000655427556485,0.0008715942048,-5.5093617658e-05,-5.52470719246e-05,-5.10054305778e-05,-5.01761038042e-05,7.92481145744e-05,0.364588323823,29609,0.000377247634974,0.000377317793314,0.000371716625523,0.000371874389401,8.31432432853e-05,0.635411676177,51609,8204093,82040,81218,True,7
tomo_sample_2_051_rec,recon_01003.tiff,1003,100,0.5,-0.000620429603732,0.000877649455215,-5.48287657845e-05,-5.49739193125e-05,-5.12408441864e-05,-5.83769819187e-05,7.72663144797e-05,0.367412417596,29839,0.000376866311396,0.000376937993322,0.000371721893316,0.000359858780374,8.37050364794e-05,0.632587582404,51379,8204093,82040,81218,True,7
tomo_sample_2_051_rec,recon_01004.tiff,1004,100,0.5,-0.000631810037594,0.00091316625796,-5.44410120099e-05,-5.45779285389e-05,-5.06835040142e-05,-4.27625914237e-05,7.75772008837e-05,0.364707156132,29622,0.00037702063482,0.000377109394012,0.000371588248527,0.000373927989613,8.49138867146e-05,0.635292843868,51596,8204093,82040,81218,True,7
tomo_sample_2_051_rec,recon_01005.tiff,1005,100,0.5,-0.000565180048288,0.00088540900033,-5.32314999959e-05,-5.32833408892e-05,-5.011344183e-05,-4.72501600553e-05,7.34125623755e-05,0.360859086189,29319,0.000376756938594,0.000376875262573,0.000371093454305,0.000378800413274,8.39520311887e-05,0.639140913811,51899,8204093,82040,81218,True,7
tomo_sample_2_051_rec,recon_01006.tiff,1006,100,0.5,-0.000610837631975,0.000876391501806,-5.3242367871e-05,-5.33075797738e-05,-5.02001239511e-05,-5.21307743614e-05,7.39529387867e-05,0.363869951864,29560,0.000376553142639,0.00037665044793,0.000370905603631,0.00037448232876,8.29216169453e-05,0.636130048136,51658,8204093,82040,81218,True,7
tomo_sample_2_051_rec,recon_01007.tiff,1007,100,0.5,-0.000684293606319,0.000879056275298,-5.43823451748e-05,-5.46313573057e-05,-5.04993731738e-05,-5.51172484771e-05,8.0598438346e-05,0.362675393194,29443,0.000376524332941,0.000376559657895,0.000370934401872,0.000373693889959,8.35430895909e-05,0.637324606806,51775,8204093,82040,81218,True,7
tomo_sample_2_051_rec,recon_01008.tiff,1008,100,0.5,-0.000635126027919,0.000912656849541,-5.38967103245e-05,-5.40372377091e-05,-5.01681497553e-05,-4.26555513266e-05,7.69474621371e-05,0.360703023462,29297,0.000377668446961,0.000377759559375,0.000371993111912,0.000356176848093,8.54744224901e-05,0.639296976538,51921,8204093,82040,81218,True,7
tomo_sample_2_051_rec,recon_01009.tiff,1009,100,0.5,-0.000631534928107,0.000876159465115,-5.36082882922e-05,-5.36397298469e-05,-4.95817912451e-05,-6.14284848735e-05,7.65736871875e-05,0.364415045723,29613,0.000377999454954,0.000378150804539,0.000371767935576,0.000356609113813,8.47686333552e-05,0.635584954277,51605,8204093,82040,81218,True,7
tomo_sample_2_051_rec,recon_01100.tiff,1100,100,0.5,-0.000586707127804,0.000901262159168,-5.19812907053e-05,-5.19743459004e-05,-4.94645064464e-05,-3.75379009215e-05,7.18242271573e-05,0.364296544427,29605,0.000377764594351,0.000377906847959,0.000372454494936,0.000375354625953,8.35748618132e-05,0.635703455573,51613,8204093,82040,81218,True,6
tomo_sample_2_051_rec,recon_01101.tiff,1101,100,0.5,-0.000590194551332,0.000872052941413,-5.13944469516e-05,-5.14890174958e-05,-4.89246831421e-05,-5.54484816959e-05,7.14687992474e-05,0.367289288268,29832,0.000378294937994,0.000378362371823,0.000372784445062,0.000368913111428,8.36985169282e-05,0.632710711732,51386,8204093,82040,81218,True,7
tomo_sample_2_051_rec,recon_01102.tiff,1102,100,0.5,-0.000592758866551,0.000893025051337,-5.34580060136e-05,-5.35255219769e-05,-5.07132463099e-05,-5.26166024031e-05,7.21356147249e-05,0.364204319273,29585,0.000377768986196,0.000377849878404,0.00037227672874,0.000360112359485,8.3156577501e-05,0.635795680727,51633,8204093,82040,81218,True,7
tomo_sample_2_051_rec,recon_01103.tiff,1103,100,0.5,-0.000591210197017,0.000912600725715,-5.23791715277e-05,-5.24023797041e-05,-4.92831131851e-05,-5.53725696586e-05,7.21631183013e-05,0.368597221319,29949,0.00037858084851,0.000378697552949,0.000372469221475,0.00036344817884,8.40699049736e-05,0.631402778681,51269,8204093,82040,81218,True,7
tomo_sample_2_051_rec,recon_01104.tiff,1104,100,0.5,-0.000597307263815,0.00086998744111,-5.2688532782e-05,-5.28177727492e-05,-4.95052772749e-05,-5.21185939659e-05,7.3987332309e-05,0.36667656252,29777,0.000377973562604,0.000378017087626,0.000372881448129,0.000371296242719,8.19266827877e-05,0.63332343748,51441,8204093,82040,81218,True,7
tomo_sample_2_051_rec,recon_01105.tiff,1105,100,0.5,-0.000597488548374,0.000873949746601,-5.26047982355e-05,-5.26491715501e-05,-4.90905367769e-05,-4.03554953436e-05,7.34599747701e-05,0.362893451301,29482,0.000378047709319,0.000378143913747,0.000372291076928,0.000363860155737,8.24232485974e-05,0.637106548699,51736,8204093,82040,81218,True,7
tomo_sample_2_051_rec,recon_01106.tiff,1106,100,0.5,-0.000596549304028,0.000915438918164,-5.28231630508e-05,-5.28338544648e-05,-5.0036880566e-05,-4.8462382583e-05,7.16415323255e-05,0.36522607109,29677,0.000378077973898,0.000378201751458,0.000372592243366,0.00038198013015,8.44166155088e-05,0.63477392891,51541,8204093,82040,81218,True,7
tomo_sample_2_051_rec,recon_01107.tiff,1107,100,0.5,-0.000553013206227,0.000889860851457,-5.29437484155e-05,-5.29491084946e-05,-5.03304654558e-05,-4.03797115707e-05,6.9260515954e-05,0.362297662421,29438,0.000378255401145,0.000378365943906,0.000372598151444,0.000386403033519,8.35589709414e-05,0.637702337579,51780,8204093,82040,81218,True,7
tomo_sample_2_051_rec,recon_01108.tiff,1108,100,0.5,-0.000578647619113,0.000870204714301,-5.34511083663e-05,-5.35326074425e-05,-5.05720690853e-05,-6.19057292681e-05,7.19706700856e-05,0.363164041084,29498,0.00037806358465,0.00037813128309,0.000372177659301,0.000373538804674,8.27490101498e-05,0.636835958916,51720,8204092,82040,81218,True,7
tomo_sample_2_051_rec,recon_01109.tiff,1109,100,0.5,-0.000611967319273,0.000894006979652,-5.43928777294e-05,-5.45082407364e-05,-5.10533463967e-05,-5.80712789113e-05,7.33153061765e-05,0.365202366818,29658,0.000378064762298,0.000378105909363,0.000372153372155,0.000371355901964,8.26485478438e-05,0.634797633182,51560,8204093,82040,81218,True,7
tomo_sample_2_051_rec,recon_01200.tiff,1200,100,0.5,-0.000634906516352,0.000907943619823,-5.70266674749e-05,-5.70987707233e-05,-5.29619646841e-05,-4.98615991047e-05,7.15100386816e-05,0.356804147706,28978,0.000380678076658,0.000380710370681,0.00037395893014,0.000377892099913,8.26599483487e-05,0.643195852294,52240,8204093,82040,81218,True,7
tomo_sample_2_051_rec,recon_01201.tiff,1201,100,0.5,-0.000649565092754,0.000893974199716,-5.65930163358e-05,-5.67107753591e-05,-5.2728857554e-05,-6.30460095294e-05,7.1667842368e-05,0.358793823283,29133,0.000380487857755,0.000380490646477,0.000374124589143,0.000374228462234,8.17675806451e-05,0.641206176717,52085,8204093,82040,81218,True,7
tomo_sample_2_051_rec,recon_01202.tiff,1202,100,0.5,-0.000683121692273,0.000901657388313,-5.74769842686e-05,-5.76035155679e-05,-5.28463642695e-05,-5.25006196156e-05,7.53553541273e-05,0.357776517066,29051,0.000381063939058,0.000381076455144,0.000374272232875,0.000370374896134,8.24539449491e-05,0.642223482934,52167,8204093,82040,81218,True,7
tomo_sample_2_051_rec,recon_01203.tiff,1203,100,0.5,-0.000628194320889,0.000926124200341,-5.71486723323e-05,-5.72343201617e-05,-5.29313256266e-05,-5.61317408031e-05,7.25994166032e-05,0.36007928659,29243,0.000381279849201,0.000381311846059,0.000373665534426,0.000371651335,8.43915008041e-05,0.63992071341,51975,8204093,82040,81218,True,7
tomo_sample_2_051_rec,recon_01204.tiff,1204,100,0.5,-0.000674550242547,0.000915191473614,-5.79840983153e-05,-5.80203636547e-05,-5.32089179615e-05,-4.590200664e-05,7.70398493113e-05,0.358820583957,29149,0.000381185693905,0.000381259215142,0.000374544993974,0.00038169480514,8.20419916718e-05,0.641179416043,52069,8204093,82040,81218,True,6
tomo_sample_2_051_rec,recon_01205.tiff,1205,100,0.5,-0.00062850081682,0.000910915684362,-5.671666588e-05,-5.68419502004e-05,-5.23604085174e-05,-4.29917452286e-05,7.19157027141e-05,0.354207676278,28760,0.000379887190344,0.000379888968833,0.000373612259864,0.000377031079861,8.19664410165e-05,0.645792323722,52458,8204093,82040,81218,True,7
tomo_sample_2_051_rec,recon_01206.tiff,1206,100,0.5,-0.000634650682914,0.000900849669124,-5.64202321389e-05,-5.65440823259e-05,-5.24209754076e-05,-5.88032693543e-05,7.31466409732e-05,0.358204500275,29086,0.000380151351776,0.000380164736082,0.000373852104531,0.000365619624783,8.25263569347e-05,0.641795499725,52132,8204093,82040,81218,True,7
tomo_sample_2_051_rec,recon_01207.tiff,1207,100,0.5,-0.000614007225668,0.000921101959248,-5.65579945646e-05,-5.66420513076e-05,-5.2793404393e-05,-5.53262251159e-05,7.09473655625e-05,0.354542130611,28794,0.000380616462168,0.000380652600429,0.000373433562345,0.000355152824236,8.42600654098e-05,0.645457869389,52424,8204093,82040,81218,True,7
tomo_sample_2_051_rec,recon_01208.tiff,1208,100,0.5,-0.000625836055842,0.000914027959516,-5.64825267403e-05,-5.65515824966e-05,-5.30296347279e-05,-5.93128150609e-05,7.16523811517e-05,0.353458748257,28709,0.000380460789985,0.000380513419196,0.000373805960407,0.000358990923246,8.40821400548e-05,0.646541251743,52509,8204093,82040,81218,True,7
tomo_sample_2_051_rec,recon_01209.tiff,1209,100,0.5,-0.000669337033178,0.000888427473546,-5.64920997505e-05,-5.66267387075e-05,-5.16674153914e-05,-4.17751427267e-05,7.56410390741e-05,0.35774951825,29049,0.000379686911875,0.000379705861154,0.000373520480935,0.000374042478038,8.26395386149e-05,0.64225048175,52169,8204093,82040,81218,True,7
tomo_sample_2_051_rec,recon_01300.tiff,1300,100,0.5,-0.00066001429921,0.000873266577837,-5.33430660781e-05,-5.3599021067e-05,-4.90625661769e-05,-5.16348192339e-05,8.01931594786e-05,0.361578725,29360,0.000374740807647,0.000374830404175,0.000368768698536,0.000376632920899,8.69341461083e-05,0.638421275,51858,8204093,82040,81218,True,8
tomo_sample_2_051_rec,recon_01301.tiff,1301,100,0.5,-0.000636838851206,0.000914511275478,-5.3570276013e-05,-5.36203506602e-05,-5.03030460095e-05,-5.15525393082e-05,7.65682637522e-05,0.361722619196,29401,0.000375535222273,0.000375750891128,0.000369200308342,0.000344722991218,8.90476033793e-05,0.638277380804,51817,8204093,82040,81218,True,8
tomo_sample_2_051_rec,recon_01302.tiff,1302,100,0.5,-0.000626342530304,0.000907941522892,-5.23649225798e-05,-5.24821883489e-05,-4.93091192766e-05,-3.60689248181e-05,7.73668366225e-05,0.360100042546,29262,0.000375424636866,0.000375617437349,0.000369590547052,0.000370307511112,8.88092300355e-05,0.639899957454,51956,8204092,82040,81218,True,7
tomo_sample_2_051_rec,recon_01303.tiff,1303,100,0.5,-0.000637719673978,0.000922672029119,-5.4368965397e-05,-5.44346663707e-05,-5.04479030496e-05,-6.19560213101e-05,7.88492353922e-05,0.364386160744,29617,0.000375218076989,0.000375441311531,0.000368698587408,0.000375965838755,8.92385654077e-05,0.635613839256,51601,8204093,82040,81218,True,8
tomo_sample_2_051_rec,recon_01304.tiff,1304,100,0.5,-0.000635742130689,0.00089770794264,-5.36092165743e-05,-5.3716245557e-05,-5.00535588799e-05,-3.82363877763e-05,7.73276600593e-05,0.360294623905,29276,0.000375635238904,0.000375807880371,0.000369615736417,0.000382408433225,8.83629414076e-05,0.639705376095,51942,8204093,82040,81218,True,8
tomo_sample_2_051_rec,recon_01305.tiff,1305,100,0.5,-0.000647931701387,0.000902095630008,-5.37306009974e-05,-5.39151570093e-05,-5.01180038555e-05,-6.02699623414e-05,7.91652099143e-05,0.357525483852,29043,0.000374504228629,0.000374652064159,0.000368449866073,0.000355915130585,8.83199427623e-05,0.642474516148,52175,8204093,82040,81218,True,8
tomo_sample_2_051_rec,recon_01306.tiff,1306,100,0.5,-0.000633796508482,0.00092508858681,-5.37903430977e-05,-5.38368025918e-05,-5.00725200254e-05,-5.33282288701e-05,7.74328825971e-05,0.3613484463,29374,0.000375355448816,0.000375597006222,0.000369346205844,0.000376522415887,8.98683291067e-05,0.6386515537,51844,8204093,82040,81218,True,7
tomo_sample_2_051_rec,recon_01307.tiff,1307,100,0.5,-0.00064069682121,0.000893100678222,-5.41377096809e-05,-5.43074536303e-05,-5.09579149366e-05,-5.61366102545e-05,7.9084472947e-05,0.359595647147,29211,0.000375132827881,0.000375272416667,0.000369089946616,0.000360951225537,8.76153870855e-05,0.640404352853,52007,8204093,82040,81218,True,8
tomo_sample_2_051_rec,recon_01308.tiff,1308,100,0.5,-0.000618979948631,0.000940955727419,-5.41322466183e-05,-5.40508139073e-05,-5.0626375014e-05,-4.32490044948e-05,7.58191346652e-05,0.357078318446,29045,0.000375745549036,0.000376061211921,0.000369026092812,0.000362353117018,9.04892711514e-05,0.642921681554,52173,8204093,82040,81218,True,7
tomo_sample_2_051_rec,recon_01309.tiff,1309,100,0.5,-0.000635526568512,0.000899496038037,-5.45387301961e-05,-5.46196301635e-05,-5.07786098751e-05,-4.6321532579e-05,7.72747604732e-05,0.360962442631,29331,0.000376402941425,0.000376567874759,0.000370209134417,0.000366420295075,8.78570240579e-05,0.639037557369,51887,8204092,82040,81218,True,8
tomo_sample_2_051_rec,recon_01400.tiff,1400,100,0.5,-0.000720534429129,0.000956173889863,-5.46502609852e-05,-5.47285793227e-05,-5.07571930939e-05,-4.56989749473e-05,7.8571143839e-05,0.365970330987,29735,0.000383868910372,0.000384013134981,0.000376048585167,0.000366314707104,8.93967035752e-05,0.634029669013,51483,8204093,82040,81218,True,7
tomo_sample_2_051_rec,recon_01401.tiff,1401,100,0.5,-0.00073424358503,0.000946976898995,-5.47729242246e-05,-5.47915199736e-05,-5.07278091391e-05,-4.83113328445e-05,7.92611381788e-05,0.367542902028,29874,0.000384018239007,0.000384224769525,0.000375283969333,0.000360711615872,9.08191078571e-05,0.632457097972,51344,8204093,82040,81218,True,7
tomo_sample_2_051_rec,recon_01402.tiff,1402,100,0.5,-0.000776934271853,0.000962913093099,-5.69534349304e-05,-5.71274615219e-05,-5.17942917213e-05,-6.09135977216e-05,8.53421538818e-05,0.367566886874,29856,0.000384180441695,0.000384306959778,0.000376035895897,0.000380510982307,8.98668820515e-05,0.632433113126,51362,8204092,82040,81218,True,7
tomo_sample_2_051_rec,recon_01403.tiff,1403,100,0.5,-0.000736999574292,0.000939008252753,-5.57446067815e-05,-5.58821693826e-05,-5.10244899488e-05,-4.9918963058e-05,8.12710376158e-05,0.370599500289,30103,0.000383389949666,0.000383502319693,0.000375623465516,0.000361216095294,8.84852180232e-05,0.629400499711,51115,8204093,82040,81218,True,7
tomo_sample_2_051_rec,recon_01404.tiff,1404,100,0.5,-0.000762169587251,0.000944820020522,-5.71415358445e-05,-5.73979909534e-05,-5.23800736119e-05,-5.42326431171e-05,8.50669452681e-05,0.368906107009,29955,0.000382608042562,0.000382699428008,0.000373953604139,0.000371236218584,9.02849406769e-05,0.631093892991,51263,8204093,82040,81218,True,7
tomo_sample_2_051_rec,recon_01405.tiff,1405,100,0.5,-0.000714926769433,0.000973259502789,-5.53184360435e-05,-5.54738333403e-05,-5.0744478358e-05,-5.3376357969e-05,7.98547655623e-05,0.364594333109,29612,0.00038298957735,0.000383081951602,0.000375249001081,0.000370412841613,8.87313315345e-05,0.635405666891,51606,8204093,82040,81218,True,7
tomo_sample_2_051_rec,recon_01406.tiff,1406,100,0.5,-0.000730450519477,0.000964265172661,-5.50110678124e-05,-5.50513736801e-05,-5.06521319039e-05,-4.69704830672e-05,8.00375185073e-05,0.368245672375,29927,0.000383478759859,0.000383663196104,0.000374881085008,0.000375057702023,9.03799228434e-05,0.631754327625,51291,8204092,82040,81218,True,7
tomo_sample_2_051_rec,recon_01407.tiff,1407,100,0.5,-0.000711031843675,0.000951586144511,-5.48661070335e-05,-5.4969137514e-05,-5.08247267135e-05,-5.41368107306e-05,8.01999876602e-05,0.365625505226,29704,0.000383340092048,0.000383472893544,0.000375530245947,0.00038115456817,8.88978387383e-05,0.634374494774,51514,8204093,82040,81218,True,7
tomo_sample_2_051_rec,recon_01408.tiff,1408,100,0.5,-0.000763045202766,0.000946434277284,-5.6300558423e-05,-5.6482172711e-05,-5.12312180945e-05,-5.80548342059e-05,8.45678221759e-05,0.364479867592,29603,0.000383195888687,0.000383305790817,0.000374910567189,0.000373068330677,8.86728850257e-05,0.635520132408,51615,8204093,82040,81218,True,7
tomo_sample_2_051_rec,recon_01409.tiff,1409,100,0.5,-0.000752164861478,0.000944105233939,-5.63132432016e-05,-5.64798162505e-05,-5.16067484568e-05,-4.17550868259e-05,8.19748945077e-05,0.368634147787,29940,0.000383465825804,0.000383565414759,0.000375962859835,0.000387586960817,8.87710571489e-05,0.631365852213,51278,8204093,82040,81218,True,7
tomo_sample_2_051_rec,recon_01500.tiff,1500,100,0.5,-0.000627696296433,0.000885101132444,-5.49497695759e-05,-5.49624349263e-05,-5.17008447787e-05,-5.18495189873e-05,7.25672016535e-05,0.366897913679,29810,0.000377504111575,0.000377606389487,0.000371485308278,0.000353121285389,8.22632540767e-05,0.633102086321,51408,8204093,82040,81218,True,7
tomo_sample_2_051_rec,recon_01501.tiff,1501,100,0.5,-0.000621174817788,0.000930505412398,-5.51501520973e-05,-5.52176220535e-05,-5.15302344866e-05,-5.54374213953e-05,7.43043374779e-05,0.369093435516,29983,0.000378536579873,0.000378626592197,0.000372780865291,0.000379701683787,8.44324044682e-05,0.630906564484,51235,8204092,82040,81218,True,7
tomo_sample_2_051_rec,recon_01502.tiff,1502,100,0.5,-0.000572691991983,0.000894662569044,-5.4333357711e-05,-5.43488355506e-05,-5.14354342158e-05,-5.8146618891e-05,7.00090248142e-05,0.365190568275,29672,0.000378883550663,0.000378992914172,0.00037235331547,0.000377739209383,8.48099649201e-05,0.634809431725,51546,8204093,82040,81218,True,7
tomo_sample_2_051_rec,recon_01503.tiff,1503,100,0.5,-0.000601691943593,0.00091318409628,-5.35396094219e-05,-5.36153775895e-05,-5.01327103848e-05,-4.41911270846e-05,7.24951253263e-05,0.370676588477,30108,0.000378638595769,0.000378703429095,0.000372513750335,0.000369025247531,8.32145794641e-05,0.629323411523,51110,8204093,82040,81218,True,7
tomo_sample_2_051_rec,recon_01504.tiff,1504,100,0.5,-0.000610011651297,0.000906900813861,-5.39916959997e-05,-5.40197549604e-05,-5.07996919623e-05,-5.22549651384e-05,7.34245164869e-05,0.367434725696,29853,0.000379153314159,0.000379259737326,0.00037346384488,0.000389085972567,8.33135153509e-05,0.632565274304,51365,8204093,82040,81218,True,7
tomo_sample_2_051_rec,recon_01505.tiff,1505,100,0.5,-0.000593741936027,0.000865948459832,-5.40812654922e-05,-5.4178975041e-05,-5.10619029228e-05,-4.20658676659e-05,7.1896245257e-05,0.365166764444,29655,0.000378406716454,0.000378436790156,0.000373113027308,0.00038566230915,8.02537517669e-05,0.634833235556,51563,8204093,82040,81218,True,7
tomo_sample_2_051_rec,recon_01506.tiff,1506,100,0.5,-0.000615218532039,0.000899764286005,-5.4177591874e-05,-5.42688259064e-05,-5.02058228449e-05,-4.97533579477e-05,7.32921183141e-05,0.367636899768,29858,0.000378701359068,0.000378748213653,0.000372867405531,0.000369271723554,8.23338501664e-05,0.632363100232,51360,8204093,82040,81218,True,7
tomo_sample_2_051_rec,recon_01507.tiff,1507,100,0.5,-0.000624894523353,0.000899046043924,-5.50872403326e-05,-5.51872935665e-05,-5.16760956089e-05,-3.30178085582e-05,7.43735025572e-05,0.365154708778,29657,0.000378529911674,0.000378586324094,0.000372601876734,0.000367756114396,8.26751896042e-05,0.634845291222,51561,8204093,82040,81218,True,7
tomo_sample_2_051_rec,recon_01508.tiff,1508,100,0.5,-0.000601235632203,0.000914080607472,-5.48789674989e-05,-5.48841452185e-05,-5.15976116731e-05,-6.11288744803e-05,7.20773195703e-05,0.36393352163,29570,0.000377878935914,0.000377982843976,0.000372165523004,0.000369164075055,8.26280066855e-05,0.63606647837,51648,8204093,82040,81218,True,7
tomo_sample_2_051_rec,recon_01509.tiff,1509,100,0.5,-0.000592842478363,0.00088773645024,-5.4954608097e-05,-5.50514762417e-05,-5.10343525093e-05,-5.74801090199e-05,7.23868217977e-05,0.366412352803,29757,0.000377828301038,0.000377865152683,0.000371647038264,0.000368564538227,8.23295833557e-05,0.633587647197,51461,8204093,82040,81218,True,7
tomo_sample_2_051_rec,recon_01600.tiff,1600,100,0.5,-0.000670323817176,0.000897073428205,-5.428881842e-05,-5.44494210934e-05,-4.96890788781e-05,-3.8504454704e-05,7.78571595451e-05,0.361976642052,29397,0.000376868387343,0.000376942696356,0.000370602530893,0.000376811765857,8.57116714254e-05,0.638023357948,51821,8204093,82040,81218,True,7
tomo_sample_2_051_rec,recon_01601.tiff,1601,100,0.5,-0.000639557441173,0.000898877014115,-5.54850756339e-05,-5.55608425514e-05,-5.13527811563e-05,-4.63006259395e-05,7.78927183974e-05,0.36409703852,29581,0.00037771469092,0.000377840031362,0.000371435598936,0.000372027916261,8.56931608319e-05,0.63590296148,51637,8204093,82040,81218,True,7
tomo_sample_2_051_rec,recon_01602.tiff,1602,100,0.5,-0.000659872399992,0.00089589716139,-5.4482746008e-05,-5.46585083014e-05,-5.02593684359e-05,-3.90938866268e-05,7.65919318412e-05,0.361709159957,29372,0.000377945693064,0.000378001106686,0.000371600981453,0.000361727361574,8.66259324369e-05,0.638290840043,51846,8204093,82040,81218,True,7
tomo_sample_2_051_rec,recon_01603.tiff,1603,100,0.5,-0.000635487905529,0.000904736051743,-5.45954833915e-05,-5.47002272545e-05,-5.04296949657e-05,-4.35655141447e-05,7.40721010453e-05,0.364041477439,29569,0.000377841717106,0.00037792076644,0.000371073634597,0.00037108948895,8.66172091569e-05,0.635958522561,51649,8204092,82040,81218,True,7
tomo_sample_2_051_rec,recon_01604.tiff,1604,100,0.5,-0.000645428814169,0.000916819648992,-5.43565202097e-05,-5.44116943377e-05,-5.04792806169e-05,-5.67591948939e-05,7.73825707861e-05,0.363065237828,29500,0.000377661945783,0.000377798397984,0.000371196045307,0.00035850639383,8.55890843309e-05,0.636934762172,51718,8204093,82040,81218,True,7
tomo_sample_2_051_rec,recon_01605.tiff,1605,100,0.5,-0.000599231572996,0.000917523653479,-5.44251247213e-05,-5.43898273436e-05,-5.08846624143e-05,-5.18897366369e-05,7.36369111136e-05,0.358339250948,29128,0.000378394346332,0.000378577372418,0.000371679736418,0.000365617317127,8.69309710263e-05,0.641660749052,52090,8204093,82040,81218,True,7
tomo_sample_2_051_rec,recon_01606.tiff,1606,100,0.5,-0.00063157505414,0.000900689145783,-5.31704589329e-05,-5.32729869664e-05,-4.98898043588e-05,-4.06421704461e-05,7.44507218765e-05,0.363119509481,29495,0.000377542777675,0.000377627555818,0.000371396716218,0.000366075155181,8.54573589467e-05,0.636880490519,51723,8204093,82040,81218,True,7
tomo_sample_2_051_rec,recon_01607.tiff,1607,100,0.5,-0.000627520229027,0.000936334398575,-5.44294458718e-05,-5.4509421764e-05,-5.05441657879e-05,-5.66555435297e-05,7.41182059814e-05,0.359370282777,29194,0.000378443205924,0.000378543537332,0.000371738526155,0.000379051950463,8.70128586668e-05,0.640629717223,52024,8204093,82040,81218,True,7
tomo_sample_2_051_rec,recon_01608.tiff,1608,100,0.5,-0.000626270680514,0.000888102014433,-5.46119381602e-05,-5.47313815324e-05,-5.06827418576e-05,-6.74913941569e-05,7.62992392511e-05,0.360347013191,29269,0.000378135852863,0.000378222611207,0.000371614616597,0.000368069433316,8.51142618129e-05,0.639652986809,51949,8204093,82040,81218,True,7
tomo_sample_2_051_rec,recon_01609.tiff,1609,100,0.5,-0.0006943543331,0.000899637697148,-5.5816815405e-05,-5.59344104273e-05,-5.1241084293e-05,-5.89257149134e-05,7.94752012824e-05,0.363140549835,29495,0.000378813841924,0.000378893091727,0.000372313108528,0.000369178577026,8.39779448896e-05,0.636859450165,51723,8204093,82040,81218,True,7
tomo_sample_2_051_rec,recon_01700.tiff,1700,100,0.5,-0.000577933426248,0.000894260162604,-5.43833156211e-05,-5.43152319925e-05,-5.21454639966e-05,-7.05137902778e-05,7.01829480061e-05,0.361984451732,29421,0.000379583317915,0.000379723494183,0.000373453251086,0.000382882930686,8.11383642185e-05,0.638015548268,51797,8204093,82040,81218,True,6
tomo_sample_2_051_rec,recon_01701.tiff,1701,100,0.5,-0.000593585005263,0.000871352895629,-5.35583696349e-05,-5.35992943583e-05,-5.09746059834e-05,-5.98669212926e-05,7.12649932581e-05,0.365997826078,29731,0.000378933134751,0.00037900203059,0.000373280112399,0.000389293964216,8.00034673451e-05,0.634002173922,51487,8204093,82040,81218,True,7
tomo_sample_2_051_rec,recon_01702.tiff,1702,100,0.5,-0.000583490920835,0.000851062345901,-5.18884078571e-05,-5.19374413908e-05,-4.96902703162e-05,-5.08628687191e-05,7.02814320246e-05,0.362396090645,29436,0.000379418326558,0.000379470474267,0.000374418887077,0.00037500699253,7.8973024893e-05,0.637603909355,51782,8204093,82040,81218,True,7
tomo_sample_2_051_rec,recon_01703.tiff,1703,100,0.5,-0.000560106375779,0.000867745689175,-5.34945075741e-05,-5.35089136169e-05,-5.10006320837e-05,-4.42406235724e-05,6.82402391786e-05,0.365652368432,29705,0.000378173806573,0.000378244509273,0.000373001850676,0.000372295659107,7.94275808318e-05,0.634347631568,51513,8204093,82040,81218,True,7
tomo_sample_2_051_rec,recon_01704.tiff,1704,100,0.5,-0.00057322147215,0.000851860646508,-5.29622956548e-05,-5.2990427688e-05,-5.07599543198e-05,-4.87960857761e-05,7.10579172604e-05,0.364663772965,29624,0.00037810710437,0.000378179550666,0.000373087736079,0.000366236387189,7.87665268757e-05,0.635336227035,51594,8204093,82040,81218,True,6
tomo_sample_2_051_rec,recon_01705.tiff,1705,100,0.5,-0.000559908616415,0.000871585971036,-5.34310246256e-05,-5.34068391289e-05,-5.11640173499e-05,-5.85959843988e-05,6.94909848475e-05,0.359682382093,29228,0.000378235817884,0.00037834939052,0.00037274704664,0.000360952213063,8.08752219171e-05,0.640317617907,51990,8204093,82040,81218,True,7
tomo_sample_2_051_rec,recon_01706.tiff,1706,100,0.5,-0.000547831472941,0.000859557751392,-5.44398693963e-05,-5.44677048224e-05,-5.1751765568e-05,-5.58955972837e-05,7.01449325256e-05,0.363313710093,29516,0.000378141755139,0.000378227819374,0.000372131326003,0.000356087439571,8.16559819911e-05,0.636686289907,51702,8204093,82040,81218,True,7
tomo_sample_2_051_rec,recon_01707.tiff,1707,100,0.5,-0.000581258848251,0.000899267942004,-5.31509709544e-05,-5.31392220078e-05,-5.08260636707e-05,-4.30736286378e-05,7.09285180416e-05,0.361092985028,29343,0.000378020374354,0.000378144637956,0.000372347509256,0.000386014012428,8.22241025191e-05,0.638907014972,51875,8204093,82040,81218,True,7
tomo_sample_2_051_rec,recon_01708.tiff,1708,100,0.5,-0.000588363475399,0.000888636616874,-5.37735694376e-05,-5.38086182787e-05,-5.09399269504e-05,-5.78903239297e-05,7.29619596772e-05,0.360855139434,29318,0.00037805888352,0.000378162446959,0.000372247726773,0.000380263257345,8.2451502976e-05,0.639144860566,51900,8204093,82040,81218,True,7
tomo_sample_2_051_rec,recon_01709.tiff,1709,100,0.5,-0.000615933851223,0.000862690233916,-5.39067440934e-05,-5.40155149447e-05,-5.08008415636e-05,-5.75553456827e-05,7.4980845954e-05,0.364829934724,29629,0.000377689002673,0.000377736768327,0.000372146780137,0.000366913815528,8.02729174441e-05,0.635170065276,51589,8204093,82040,81218,True,6
tomo_sample_2_051_rec,recon_01800.tiff,1800,100,0.5,-0.000644800226146,0.000878506338631,-5.42665156579e-05,-5.44469512556e-05,-5.04450435983e-05,-4.92311639012e-05,7.95509817396e-05,0.365629339959,29694,0.000376182498935,0.000376272420011,0.00037009009975,0.000359819823685,8.51781467192e-05,0.634370660041,51524,8204093,82040,81218,True,7
tomo_sample_2_051_rec,recon_01801.tiff,1801,100,0.5,-0.000700284003397,0.000881854026229,-5.49709660489e-05,-5.52944980992e-05,-5.00993446622e-05,-4.51610635716e-05,8.27007361377e-05,0.368367305729,29898,0.000376521886394,0.000376541742416,0.000370400040993,0.000380385031979,8.51100202244e-05,0.631632694271,51320,8204093,82040,81218,True,7
tomo_sample_2_051_rec,recon_01802.tiff,1802,100,0.5,-0.000632784129411,0.000888996421127,-5.43493478503e-05,-5.45175403238e-05,-5.03383598698e-05,-4.61085170656e-05,7.85805319439e-05,0.363414377557,29515,0.000376353017831,0.000376442459695,0.00037045677891,0.00037098408919,8.55355154733e-05,0.636585622443,51703,8204093,82040,81218,True,7
tomo_sample_2_051_rec,recon_01803.tiff,1803,100,0.5,-0.000616799604904,0.000903017423116,-5.47828213642e-05,-5.48432950176e-05,-5.11970756634e-05,-6.03181501268e-05,7.58338811284e-05,0.365740377495,29717,0.000377477308271,0.000377615422862,0.000370765657863,0.000352721182259,8.70636766258e-05,0.634259622505,51501,8204093,82040,81218,True,7
tomo_sample_2_051_rec,recon_01804.tiff,1804,100,0.5,-0.00066402910219,0.000903736078762,-5.64697927458e-05,-5.66063834326e-05,-5.14625735377e-05,-5.59759527123e-05,8.02536205007e-05,0.365648290511,29700,0.000376601879906,0.000376703969363,0.000370527486666,0.000363927173261,8.57712948006e-05,0.634351709489,51518,8204093,82040,81218,True,7
tomo_sample_2_051_rec,recon_01805.tiff,1805,100,0.5,-0.000611344460631,0.000903824429843,-5.49975629973e-05,-5.5108002361e-05,-5.14115527039e-05,-5.83304071644e-05,7.50808421851e-05,0.361753788732,29384,0.000376653795005,0.000376742057073,0.000370958150597,0.00036903728795,8.51985164037e-05,0.638246211268,51834,8204093,82040,81218,True,7
tomo_sample_2_051_rec,recon_01806.tiff,1806,100,0.5,-0.000588946598,0.000906011563493,-5.4352311286e-05,-5.43961000912e-05,-5.06752512592e-05,-5.14962018932e-05,7.48643418128e-05,0.364313865901,29601,0.000376569959668,0.000376696558906,0.000370546040358,0.00038828825317,8.52051087733e-05,0.635686134099,51617,8204093,82040,81218,True,7
tomo_sample_2_051_rec,recon_01807.tiff,1807,100,0.5,-0.000595087365364,0.000881898699154,-5.40442110055e-05,-5.41113653082e-05,-5.03912579006e-05,-5.15360042421e-05,7.44053598585e-05,0.362639653097,29460,0.000376800775984,0.000376898373154,0.000370912719518,0.000366905058615,8.40231178575e-05,0.637360346903,51758,8204093,82040,81218,True,7
tomo_sample_2_051_rec,recon_01808.tiff,1808,100,0.5,-0.000656562189106,0.000916930266249,-5.50762881069e-05,-5.51831513002e-05,-5.05284351675e-05,-5.95037731783e-05,7.811930646e-05,0.360601219226,29292,0.00037653350496,0.000376632772435,0.000370828216546,0.000374103255053,8.49392253693e-05,0.639398780774,51926,8204093,82040,81218,True,7
tomo_sample_2_051_rec,recon_01809.tiff,1809,100,0.5,-0.000650396636338,0.000893235838739,-5.58086964906e-05,-5.59013088632e-05,-5.13410814165e-05,-4.58997866281e-05,7.71782420925e-05,0.363807322737,29554,0.000376868461345,0.000376974174693,0.000370615874999,0.000349882960649,8.59656986171e-05,0.636192677263,51664,8204093,82040,81218,True,7
tomo_sample_2_051_rec,recon_01900.tiff,1900,100,0.5,-0.000649125481432,0.000898818250862,-5.57247398514e-05,-5.5953725155e-05,-5.10219906573e-05,-5.00905527891e-05,7.6001715516e-05,0.362556643955,29426,0.000378908936265,0.000378870144516,0.000372735565179,0.000371639265358,8.2250904382e-05,0.637443356045,51792,8204091,82040,81218,True,7
tomo_sample_2_051_rec,recon_01901.tiff,1901,100,0.5,-0.000615211072436,0.000906125621987,-5.64209689952e-05,-5.65061997523e-05,-5.19058557984e-05,-4.36476024626e-05,7.46181560054e-05,0.363763222586,29545,0.000379557533955,0.000379613679103,0.000372390641132,0.000363523845435,8.43216776955e-05,0.636236777414,51673,8204093,82040,81218,True,7
tomo_sample_2_051_rec,recon_01902.tiff,1902,100,0.5,-0.000589660334517,0.000901495685393,-5.5547845802e-05,-5.56200722161e-05,-5.16505315318e-05,-4.63114267468e-05,7.15672531299e-05,0.361455222578,29358,0.000378350590885,0.000378402603842,0.000372361857444,0.000369754008942,8.30309270509e-05,0.638544777422,51860,8204093,82040,81218,True,6
tomo_sample_2_051_rec,recon_01903.tiff,1903,100,0.5,-0.000630772086733,0.000897407123703,-5.64041649387e-05,-5.65634513676e-05,-5.2060757298e-05,-4.98956679047e-05,7.45229167436e-05,0.365470560892,29671,0.000379691895783,0.000379683854208,0.000373019574909,0.000381655906896,8.25028025889e-05,0.634529439108,51547,8204093,82040,81218,True,7
tomo_sample_2_051_rec,recon_01904.tiff,1904,100,0.5,-0.000668633379391,0.000916188764677,-5.58851554842e-05,-5.60313190793e-05,-5.12137012265e-05,-6.37215722207e-05,7.67629259516e-05,0.363436030915,29510,0.000379226371488,0.000379246276683,0.000372515321942,0.000369011865162,8.33005855145e-05,0.636563969085,51708,8204093,82040,81218,True,7
tomo_sample_2_051_rec,recon_01905.tiff,1905,100,0.5,-0.000669252931257,0.000885155977739,-5.70828317854e-05,-5.72878725832e-05,-5.16762229381e-05,-6.00341239943e-05,7.93452812911e-05,0.361551419091,29350,0.000378819422408,0.000378813729248,0.000372052643797,0.000367808514407,8.24861634185e-05,0.638448580909,51868,8204093,82040,81218,True,7
tomo_sample_2_051_rec,recon_01906.tiff,1906,100,0.5,-0.000602835263999,0.000894541441521,-5.54387996952e-05,-5.55400336781e-05,-5.15850115335e-05,-4.80256333128e-05,7.18999427661e-05,0.363801372632,29544,0.000378825763736,0.000378856583412,0.000372271315427,0.00036858994377,8.34036974469e-05,0.636198627368,51674,8204093,82040,81218,True,7
tomo_sample_2_051_rec,recon_01907.tiff,1907,100,0.5,-0.000656293281354,0.000890491462487,-5.66102219073e-05,-5.67191373269e-05,-5.21456568094e-05,-5.42576388322e-05,7.70107329095e-05,0.362013391968,29401,0.000379201482556,0.000379254839786,0.000372671609512,0.000380832412203,8.32720295479e-05,0.637986608032,51817,8204093,82040,81218,True,7
tomo_sample_2_051_rec,recon_01908.tiff,1908,100,0.5,-0.000609293996822,0.000873517360887,-5.62275054268e-05,-5.63352693681e-05,-5.19699169672e-05,-4.96673221294e-05,7.31004628337e-05,0.35928328574,29176,0.00037917126435,0.000379195956156,0.000373486298486,0.000384252816689,8.24123303456e-05,0.64071671426,52042,8204093,82040,81218,True,7
tomo_sample_2_051_rec,recon_01909.tiff,1909,100,0.5,-0.00062056452065,0.000884589163179,-5.51935865879e-05,-5.5213795318e-05,-5.13240593136e-05,-4.53074258602e-05,7.23197238572e-05,0.363309018436,29516,0.00037905841429,0.000379143595976,0.000372970753233,0.000355625026988,8.27217339167e-05,0.636690981564,51702,8204093,82040,81218,True,7
tomo_sample_2_051_rec,recon_02000.tiff,2000,100,0.5,-0.000604043739149,0.000872159611899,-5.40484953106e-05,-5.41389912596e-05,-5.03931059939e-05,-5.77285862295e-05,7.60576038004e-05,0.362401411478,29438,0.000376134028282,0.000376222714411,0.000370822119294,0.000360668667559,8.32713829413e-05,0.637598588522,51780,8204093,82040,81218,True,7
tomo_sample_2_051_rec,recon_02001.tiff,2001,100,0.5,-0.000651377798058,0.000891852602945,-5.52405045157e-05,-5.53443759092e-05,-5.04266936332e-05,-4.0548281896e-05,7.87346308738e-05,0.363910261785,29561,0.000377541186163,0.000377641983882,0.000371529982658,0.000363789467953,8.46863760571e-05,0.636089738215,51657,8204093,82040,81218,True,7
tomo_sample_2_051_rec,recon_02002.tiff,2002,100,0.5,-0.000646108697983,0.000896969113674,-5.53752114184e-05,-5.54987380705e-05,-5.10812096763e-05,-5.55085252967e-05,7.84110135748e-05,0.361927077664,29398,0.000376711431869,0.000376806579513,0.000370496534742,0.000368561872598,8.49813174646e-05,0.638072922336,51820,8204093,82040,81218,True,7
tomo_sample_2_051_rec,recon_02003.tiff,2003,100,0.5,-0.000607888324012,0.000889526404208,-5.52356018334e-05,-5.53469307444e-05,-5.0973114412e-05,-6.59848963467e-05,7.64971560327e-05,0.364582273915,29613,0.000376401361004,0.00037648495946,0.000370538793504,0.000378669103243,8.44303655648e-05,0.635417726085,51605,8204092,82040,81218,True,7
tomo_sample_2_051_rec,recon_02004.tiff,2004,100,0.5,-0.000640783062845,0.000851206522493,-5.49751019282e-05,-5.51743387743e-05,-5.04302606714e-05,-4.43094591488e-05,7.84145110204e-05,0.363444112648,29508,0.000375727197009,0.000375755899774,0.000370422829292,0.000367495866839,8.19814015473e-05,0.636555887352,51710,8204093,82040,81218,True,7
tomo_sample_2_051_rec,recon_02005.tiff,2005,100,0.5,-0.000646515059343,0.000863575366966,-5.56396565911e-05,-5.58695998769e-05,-5.05372918269e-05,-6.00206846842e-05,7.91747572449e-05,0.360050209156,29229,0.000375963654151,0.000375980376598,0.000370102759916,0.000350742599513,8.291351229e-05,0.639949790844,51989,8204093,82040,81218,True,7
tomo_sample_2_051_rec,recon_02006.tiff,2006,100,0.5,-0.000646024908347,0.000865841452905,-5.50252873761e-05,-5.51847809691e-05,-5.06880915054e-05,-5.6367410772e-05,7.81444709178e-05,0.363855884962,29546,0.000375963634093,0.00037600772933,0.000370735986507,0.000367098402307,8.19286759292e-05,0.636144115038,51672,8204093,82040,81218,True,7
tomo_sample_2_051_rec,recon_02007.tiff,2007,100,0.5,-0.00063680701569,0.000901312699425,-5.51119086721e-05,-5.53217804672e-05,-5.09398996655e-05,-5.0304873348e-05,7.76035586945e-05,0.359627155707,29197,0.000375821600806,0.00037584662705,0.000369887740817,0.000356708236898,8.35198526657e-05,0.640372844293,52021,8204093,82040,81218,True,7
tomo_sample_2_051_rec,recon_02008.tiff,2008,100,0.5,-0.000596323583741,0.00087649499852,-5.45397744714e-05,-5.45745288108e-05,-5.06528467668e-05,-6.00191249178e-05,7.5193271757e-05,0.357799484519,29072,0.000375729337592,0.000375849720804,0.000370221678168,0.000368170175012,8.31559539562e-05,0.642200515481,52146,8204093,82040,81218,True,7
tomo_sample_2_051_rec,recon_02009.tiff,2009,100,0.5,-0.00061413877469,0.000878059846291,-5.55579490005e-05,-5.5674841625e-05,-5.21549372934e-05,-6.40570254993e-05,7.64950795603e-05,0.361318615229,29346,0.000376404908123,0.000376474575558,0.00037075583532,0.00037171140514,8.29872603899e-05,0.638681384771,51872,8204093,82040,81218,True,7
tomo_sample_2_051_rec,recon_02100.tiff,2100,100,0.5,-0.000593639739964,0.000843990176218,-5.40369591274e-05,-5.4125902759e-05,-5.12103397341e-05,-5.17633726531e-05,7.41613078336e-05,0.361112199561,29330,0.000375373418389,0.000375433537244,0.000370300316717,0.000364260005081,8.0295619775e-05,0.638887800439,51888,8204093,82040,81218,True,6
tomo_sample_2_051_rec,recon_02101.tiff,2101,100,0.5,-0.000562954178604,0.000843992622104,-5.24770168022e-05,-5.25740200065e-05,-4.95974600199e-05,-4.7358313354e-05,7.2717877731e-05,0.36400545842,29563,0.000376520626593,0.000376569537918,0.000372124253772,0.000359412795891,7.97181487027e-05,0.63599454158,51655,8204093,82040,81218,True,7
tomo_sample_2_051_rec,recon_02102.tiff,2102,100,0.5,-0.000561327972973,0.000844172963989,-5.38585437156e-05,-5.39848603949e-05,-5.14572711836e-05,-4.86695047621e-05,7.21644114321e-05,0.360598499264,29282,0.000375762125898,0.000375791248332,0.00037144869566,0.000366368514226,7.98346434351e-05,0.639401500736,51936,8204093,82040,81218,True,7
tomo_sample_2_051_rec,recon_02103.tiff,2103,100,0.5,-0.000571658057452,0.000830621221976,-5.44207244285e-05,-5.44681309194e-05,-5.16853106092e-05,-5.42067681432e-05,7.18387546794e-05,0.364473741966,29607,0.000375854198507,0.0003759245088,0.000371242902474,0.000377348977542,7.96546164094e-05,0.635526258034,51611,8204093,82040,81218,True,7
tomo_sample_2_051_rec,recon_02104.tiff,2104,100,0.5,-0.000593574127997,0.0008645950348,-5.49851764213e-05,-5.50054930621e-05,-5.20845369465e-05,-5.84121594557e-05,7.36495064692e-05,0.362683183792,29466,0.000376597905974,0.000376689508813,0.000371606933186,0.00037596826494,8.0071174978e-05,0.637316816208,51752,8204093,82040,81218,True,7
tomo_sample_2_051_rec,recon_02105.tiff,2105,100,0.5,-0.000544227127684,0.000852231573954,-5.41186335692e-05,-5.4181205595e-05,-5.13338891324e-05,-5.27546456236e-05,7.0724089001e-05,0.359469995127,29197,0.00037637497356,0.000376423051082,0.000371707137674,0.000369527745586,7.86460500782e-05,0.640530004873,52021,8204092,82040,81218,True,7
tomo_sample_2_051_rec,recon_02106.tiff,2106,100,0.5,-0.000598601017264,0.000858515072905,-5.45201773101e-05,-5.4595828074e-05,-5.12706683367e-05,-4.98157676702e-05,7.24951130266e-05,0.362418838637,29435,0.000376496660204,0.00037654021806,0.000371681380784,0.000381864713682,7.9555397074e-05,0.637581161363,51783,8204092,82040,81218,True,7
tomo_sample_2_051_rec,recon_02107.tiff,2107,100,0.5,-0.000588319950621,0.0008604122416,-5.47513688931e-05,-5.48425544683e-05,-5.14014245709e-05,-5.34976456532e-05,7.3343547177e-05,0.359717282722,29214,0.000377312627778,0.000377351238392,0.0003725754068,0.000373656326682,7.9431200351e-05,0.640282717278,52004,8204093,82040,81218,True,7
tomo_sample_2_051_rec,recon_02108.tiff,2108,100,0.5,-0.000565969993186,0.00086727992486,-5.41449202719e-05,-5.42152504434e-05,-5.08662651555e-05,-6.52414582836e-05,7.19993744373e-05,0.357793984955,29060,0.000377870123284,0.000377915007621,0.000373145099729,0.000372820656619,7.93245082392e-05,0.642206015045,52158,8204093,82040,81218,True,7
tomo_sample_2_051_rec,recon_02109.tiff,2109,100,0.5,-0.000573678131623,0.000852119517804,-5.42528061692e-05,-5.43513632459e-05,-5.12469814566e-05,-4.40270533356e-05,7.1487627586e-05,0.361979815182,29395,0.000377323613912,0.000377343902063,0.000372813257854,0.000383946074227,7.8592308721e-05,0.638020184818,51823,8204093,82040,81218,True,7
tomo_sample_2_051_rec,recon_02200.tiff,2200,100,0.5,-0.000580573693151,0.000850469878351,-5.4355893095e-05,-5.44148080438e-05,-5.11240941705e-05,-4.32577876073e-05,7.28187867564e-05,0.357697644904,29056,0.000376922446527,0.000376992575207,0.000371953123249,0.000383036335415,8.06960006081e-05,0.642302355096,52162,8204093,82040,81218,True,7
tomo_sample_2_051_rec,recon_02201.tiff,2201,100,0.5,-0.000603027351899,0.000829558287223,-5.50035030468e-05,-5.51132429541e-05,-5.20313551533e-05,-3.45746337359e-05,7.4983893724e-05,0.360789043769,29302,0.000376801039819,0.000376858282684,0.00037220941158,0.000375553953821,8.0485499253e-05,0.639210956231,51916,8204093,82040,81218,True,7
tomo_sample_2_051_rec,recon_02202.tiff,2202,100,0.5,-0.000595593921607,0.000842932146334,-5.51986317214e-05,-5.52861008357e-05,-5.19002023793e-05,-4.47938894222e-05,7.50822359628e-05,0.358444722365,29115,0.000376425805346,0.000376498180887,0.000371300440747,0.000364999727235,8.12445200419e-05,0.641555277635,52103,8204093,82040,81218,True,7
tomo_sample_2_051_rec,recon_02203.tiff,2203,100,0.5,-0.000625964665669,0.00087449692277,-5.60612353017e-05,-5.62446790802e-05,-5.27087449882e-05,-5.27512592111e-05,7.58965845237e-05,0.361685835023,29366,0.00037727376784,0.000377299101413,0.000371912523406,0.000374399197466,8.34792486674e-05,0.638314164977,51852,8204093,82040,81218,True,7
tomo_sample_2_051_rec,recon_02204.tiff,2204,100,0.5,-0.000603160242026,0.000872008468432,-5.49724042916e-05,-5.50491869173e-05,-5.14236617164e-05,-6.27643284474e-05,7.57782191272e-05,0.35894519056,29160,0.000377403305722,0.000377506028689,0.000371794798411,0.000369839389106,8.39517545306e-05,0.64105480944,52058,8204093,82040,81218,True,7
tomo_sample_2_051_rec,recon_02205.tiff,2205,100,0.5,-0.000578871289326,0.000864498004084,-5.38648012486e-05,-5.4012310887e-05,-5.10047575517e-05,-4.46618405807e-05,7.35441924728e-05,0.356004878667,28909,0.000376211054634,0.000376251433063,0.000371199304936,0.000366877674581,8.27213700885e-05,0.643995121333,52309,8204093,82040,81218,True,7
tomo_sample_2_051_rec,recon_02206.tiff,2206,100,0.5,-0.000632949942956,0.0008627288547,-5.56676395166e-05,-5.58267798595e-05,-5.20088069607e-05,-4.74900223733e-05,7.68103358979e-05,0.360171027492,29248,0.000376239310093,0.000376292550091,0.000370969806681,0.000372265042826,8.28338387733e-05,0.639828972508,51970,8204093,82040,81218,True,7
tomo_sample_2_051_rec,recon_02207.tiff,2207,100,0.5,-0.000652297213092,0.000851769984292,-5.56427620776e-05,-5.58484058103e-05,-5.16999134561e-05,-6.7458473607e-05,7.95699937082e-05,0.357389549133,29019,0.000377023719816,0.000377076172528,0.000371702917619,0.000362466018451,8.33943996594e-05,0.642610450867,52199,8204093,82040,81218,True,7
tomo_sample_2_051_rec,recon_02208.tiff,2208,100,0.5,-0.000636357888288,0.000821681678353,-5.61261647406e-05,-5.63488832475e-05,-5.22623449797e-05,-4.57642768102e-05,7.94981793241e-05,0.357973686212,29063,0.000375191171378,0.000375225080992,0.000370448338799,0.000371430013372,8.14572062527e-05,0.642026313788,52155,8204093,82040,81218,True,7
tomo_sample_2_051_rec,recon_02209.tiff,2209,100,0.5,-0.000624653564882,0.000823928270547,-5.62938162957e-05,-5.65194462652e-05,-5.22652862855e-05,-4.6999666896e-05,8.00603197004e-05,0.36150178052,29348,0.000374920525269,0.000374944671701,0.000370279565686,0.000366170144737,8.07516296548e-05,0.63849821948,51870,8204093,82040,81218,True,7
tomo_sample_2_051_rec,recon_02300.tiff,2300,100,0.5,-0.000617482198577,0.000826398139761,-5.61198089737e-05,-5.62166672466e-05,-5.23791368323e-05,-4.79806842262e-05,7.67281690197e-05,0.355730906692,28896,0.000376188919502,0.000376277504171,0.00037080590846,0.000355833151468,8.23896552019e-05,0.644269093308,52322,8204092,82040,81218,True,7
tomo_sample_2_051_rec,recon_02301.tiff,2301,100,0.5,-0.000541534428776,0.000846250349423,-5.42442006652e-05,-5.4327856182e-05,-5.19573659403e-05,-5.64886131471e-05,7.23983467509e-05,0.357039100361,29003,0.000375620653011,0.000375708269109,0.00037092922139,0.000382083858938,8.24235681815e-05,0.642960899639,52215,8204093,82040,81218,True,8
tomo_sample_2_051_rec,recon_02302.tiff,2302,100,0.5,-0.000563801589888,0.000839817939268,-5.43234826887e-05,-5.44836562578e-05,-5.14174862474e-05,-4.79160775994e-05,7.47691338206e-05,0.355409450059,28861,0.000375257886973,0.000375308071025,0.000370562309399,0.000366998195805,8.19703494756e-05,0.644590549941,52357,8204093,82040,81218,True,8
tomo_sample_2_051_rec,recon_02303.tiff,2303,100,0.5,-0.000605745318753,0.000857898643299,-5.62746211278e-05,-5.65302663767e-05,-5.26189087395e-05,-5.46770384337e-05,7.77164405935e-05,0.359166613345,29154,0.000376338313622,0.000376341920314,0.000371436384739,0.000363046342246,8.29977649166e-05,0.640833386655,52064,8204093,82040,81218,True,7
tomo_sample_2_051_rec,recon_02304.tiff,2304,100,0.5,-0.000571201069397,0.000827796187368,-5.49233423581e-05,-5.5072945654e-05,-5.25879167981e-05,-5.41254488516e-05,7.49813294374e-05,0.35624017669,28930,0.000375342371982,0.000375399514872,0.000371049667592,0.000379538970719,8.16814092721e-05,0.64375982331,52288,8204093,82040,81218,True,8
tomo_sample_2_051_rec,recon_02305.tiff,2305,100,0.5,-0.000567455570563,0.000821448149218,-5.51975379774e-05,-5.52440305439e-05,-5.20580560988e-05,-4.77072981748e-05,7.41772463275e-05,0.35278483727,28664,0.00037561823615,0.000375738039186,0.000370999419829,0.000364490454178,8.19729091281e-05,0.64721516273,52554,8204093,82040,81218,True,8
tomo_sample_2_051_rec,recon_02306.tiff,2306,100,0.5,-0.000558917674061,0.00083530385833,-5.45990856035e-05,-5.4601421836e-05,-5.19124987477e-05,-6.72646532009e-05,7.34230881382e-05,0.355749271568,28911,0.000376007856492,0.000376155317712,0.000370850786567,0.000378586394999,8.31128816124e-05,0.644250728432,52307,8204093,82040,81218,True,8
tomo_sample_2_051_rec,recon_02307.tiff,2307,100,0.5,-0.00054546189378,0.000828268418845,-5.41150880653e-05,-5.41568168829e-05,-5.13525301358e-05,-5.04204032183e-05,7.18705161087e-05,0.352881250039,28670,0.0003759483054,0.000376050382592,0.000370963578462,0.000365962517054,8.17562960647e-05,0.647118749961,52548,8204093,82040,81218,True,7
tomo_sample_2_051_rec,recon_02308.tiff,2308,100,0.5,-0.000547428381687,0.000840353111853,-5.44307059154e-05,-5.45455214378e-05,-5.16013169545e-05,-5.56446973085e-05,7.21148059327e-05,0.352065020447,28592,0.00037624372102,0.000376289595835,0.000371612535673,0.00037582295478,8.13691058962e-05,0.647934979553,52626,8204093,82040,81218,True,7
tomo_sample_2_051_rec,recon_02309.tiff,2309,100,0.5,-0.000519786452642,0.000846590590372,-5.51270546131e-05,-5.51616875663e-05,-5.29255376023e-05,-5.80627987389e-05,7.17508551332e-05,0.354581271608,28809,0.000375717145329,0.00037582347375,0.000370778841898,0.00038029272182,8.22233699361e-05,0.645418728392,52409,8204093,82040,81218,True,7
tomo_sample_2_051_rec,recon_02400.tiff,2400,100,0.5,-0.000539309928718,0.000843469271204,-5.3985923026e-05,-5.40603851405e-05,-5.15119754709e-05,-3.86745460361e-05,7.13423496622e-05,0.360812357345,29309,0.000377716702391,0.000377796518736,0.000372658774722,0.000368002586933,8.26916312515e-05,0.639187642655,51909,8204092,82040,81218,True,8
tomo_sample_2_051_rec,recon_02401.tiff,2401,100,0.5,-0.000570239942754,0.000820924130967,-5.52026579926e-05,-5.5236216739e-05,-5.22994960193e-05,-5.95509143579e-05,7.25827335028e-05,0.36258316192,29457,0.000377675645693,0.00037776767571,0.000372196052922,0.000359396257063,8.1421994406e-05,0.63741683808,51761,8204093,82040,81218,True,7
tomo_sample_2_051_rec,recon_02402.tiff,2402,100,0.5,-0.000612690069829,0.000831328453787,-5.55458727843e-05,-5.57997042813e-05,-5.17969601788e-05,-4.46377352667e-05,7.72341074751e-05,0.36226533865,29403,0.000377524200038,0.000377505540318,0.000372862123186,0.000377062100997,8.15982938279e-05,0.63773466135,51815,8204093,82040,81218,True,7
tomo_sample_2_051_rec,recon_02403.tiff,2403,100,0.5,-0.000592643656419,0.000838224331383,-5.50589402233e-05,-5.51419038201e-05,-5.16521558893e-05,-5.60085683503e-05,7.51828411554e-05,0.365843651198,29716,0.000377457696608,0.00037753000672,0.000372698807041,0.000364227679674,8.03712208534e-05,0.634156348802,51502,8204093,82040,81218,True,7
tomo_sample_2_051_rec,recon_02404.tiff,2404,100,0.5,-0.000588063699834,0.000826260832255,-5.4947203117e-05,-5.50924268209e-05,-5.17045937158e-05,-4.44548497171e-05,7.60086387973e-05,0.362378311779,29426,0.000377450054074,0.000377485462744,0.000372380614863,0.000359254884199,8.05985127197e-05,0.637621688221,51792,8204093,82040,81218,True,7
tomo_sample_2_051_rec,recon_02405.tiff,2405,100,0.5,-0.000569243765785,0.000820103893639,-5.474168591e-05,-5.4881735551e-05,-5.17735134054e-05,-4.17295498175e-05,7.35190459897e-05,0.359035780233,29154,0.000377793047292,0.000377820227944,0.000373389193555,0.000362988626435,8.08509994913e-05,0.640964219767,52064,8204093,82040,81218,True,7
tomo_sample_2_051_rec,recon_02406.tiff,2406,100,0.5,-0.000567945748626,0.000811306669784,-5.36503665734e-05,-5.36785005032e-05,-5.08508746861e-05,-4.64269643594e-05,7.27793580866e-05,0.362811995438,29477,0.000376660090432,0.00037676041035,0.000372547161533,0.000377371156539,8.02468179401e-05,0.637188004562,51741,8204092,82040,81218,True,7
tomo_sample_2_051_rec,recon_02407.tiff,2407,100,0.5,-0.000565209810156,0.000833644332306,-5.43808821615e-05,-5.45216771039e-05,-5.13120867254e-05,-4.41428635845e-05,7.3911009686e-05,0.358709215969,29129,0.000377279881007,0.00037732012189,0.000372573209461,0.000360619627547,8.12731952077e-05,0.641290784031,52089,8204093,82040,81218,True,7
tomo_sample_2_051_rec,recon_02408.tiff,2408,100,0.5,-0.000570300389372,0.000847875154868,-5.52149950796e-05,-5.52708877297e-05,-5.20032299391e-05,-6.68678709669e-05,7.29721526028e-05,0.357444171884,29037,0.000377903594383,0.000377985322455,0.00037286785664,0.000369054123592,8.1738852024e-05,0.642555828116,52181,8204093,82040,81218,True,7
tomo_sample_2_051_rec,recon_02409.tiff,2409,100,0.5,-0.000597196340095,0.000853512273461,-5.5701388729e-05,-5.58456801178e-05,-5.20177200087e-05,-6.60307114412e-05,7.58857377928e-05,0.361613758968,29365,0.000377612135038,0.000377655857751,0.000372495502234,0.000376157534073,8.19200001328e-05,0.638386241032,51853,8204093,82040,81218,True,7
